YEAR,DOY,T2M_MAX,T2M_MIN,PRECTOTCORR,RH2M
2018,1,26.01,11.47,0.0,62.4
2018,2,26.04,10.3,0.0,61.28
2018,3,26.48,10.71,0.0,61.77
2018,4,26.42,11.53,0.0,60.74
2018,5,26.18,11.27,0.0,63.35
2018,6,25.58,11.37,0.0,61.9
2018,7,24.84,10.48,0.0,61.79
2018,8,25.9,10.26,0.0,60.65
2018,9,25.37,11.0,0.0,64.34
2018,10,26.61,12.11,0.0,62.44
2018,11,28.34,13.66,0.0,60.19
2018,12,28.38,15.07,0.0,59.77
2018,13,28.96,15.14,0.0,58.56
2018,14,29.57,15.08,0.0,57.07
2018,15,29.75,16.33,0.0,63.38
2018,16,29.09,15.92,0.0,60.43
2018,17,28.93,16.53,0.0,56.19
2018,18,28.56,13.03,0.0,54.36
2018,19,28.07,12.76,0.0,52.93
2018,20,27.85,12.03,0.0,43.41
2018,21,28.23,11.65,0.0,41.33
2018,22,28.24,11.89,0.0,49.3
2018,23,26.61,12.77,10.23,69.02
2018,24,26.11,9.99,0.0,67.95
2018,25,26.93,9.49,0.0,53.74
2018,26,27.18,9.74,0.0,46.09
2018,27,27.44,9.65,0.0,47.55
2018,28,28.07,10.03,0.0,52.14
2018,29,28.69,10.62,0.0,48.18
2018,30,28.8,11.49,0.0,43.86
2018,31,29.51,11.6,0.0,37.9
2018,32,29.88,11.45,0.0,36.66
2018,33,30.43,11.92,0.0,39.93
2018,34,30.08,12.26,0.0,44.46
2018,35,30.81,14.18,0.0,41.17
2018,36,30.69,14.88,0.0,40.67
2018,37,28.41,14.75,0.0,44.84
2018,38,28.2,16.53,0.0,51.71
2018,39,28.86,14.72,0.0,63.01
2018,40,28.79,14.04,0.0,50.06
2018,41,29.31,17.74,0.0,44.68
2018,42,29.99,14.61,0.0,57.59
2018,43,28.35,12.87,0.0,67.98
2018,44,30.11,13.01,0.0,52.78
2018,45,30.91,13.65,0.0,52.43
2018,46,30.89,16.52,0.0,54.37
2018,47,31.43,15.47,0.0,50.43
2018,48,32.54,14.6,0.0,44.59
2018,49,32.89,14.22,0.0,39.95
2018,50,32.95,15.4,0.0,40.74
2018,51,33.29,15.54,0.0,43.06
2018,52,33.12,15.34,0.0,41.74
2018,53,33.37,16.57,0.0,42.82
2018,54,33.78,17.81,0.0,43.97
2018,55,34.01,17.62,0.0,42.07
2018,56,33.87,16.9,0.0,34.98
2018,57,34.62,16.74,0.0,35.99
2018,58,34.95,17.32,0.0,35.51
2018,59,35.11,17.11,0.0,33.97
2018,60,34.65,20.04,0.0,36.41
2018,61,34.88,19.39,0.0,38.84
2018,62,34.51,20.82,0.0,36.44
2018,63,33.78,18.63,0.0,47.53
2018,64,34.86,17.6,0.0,41.98
2018,65,35.88,17.2,0.0,37.86
2018,66,35.93,18.67,0.0,39.73
2018,67,35.49,18.45,0.0,45.18
2018,68,36.1,17.78,0.0,43.85
2018,69,36.13,19.29,0.0,37.51
2018,70,36.27,19.86,0.0,32.89
2018,71,36.13,20.98,0.0,29.76
2018,72,36.3,19.95,0.0,35.04
2018,73,36.31,20.18,0.0,27.3
2018,74,32.3,22.08,0.02,31.46
2018,75,32.59,20.99,0.05,42.09
2018,76,32.66,21.01,0.0,47.02
2018,77,33.86,21.34,0.85,48.07
2018,78,35.24,19.84,0.39,46.51
2018,79,34.64,17.65,0.0,46.64
2018,80,34.19,16.28,0.0,50.69
2018,81,33.53,14.59,0.0,48.58
2018,82,33.47,14.8,0.0,45.48
2018,83,36.74,16.75,0.0,31.49
2018,84,36.6,18.8,0.0,24.34
2018,85,38.22,20.53,0.0,24.62
2018,86,38.0,22.77,0.0,29.61
2018,87,37.43,20.7,0.0,36.98
2018,88,38.49,20.39,0.0,39.17
2018,89,38.63,17.9,0.0,46.5
2018,90,36.27,18.43,0.0,54.19
2018,91,38.81,18.11,0.0,46.34
2018,92,38.9,19.25,0.0,37.09
2018,93,39.27,18.22,0.0,40.36
2018,94,39.51,20.03,0.0,32.55
2018,95,38.96,20.71,0.0,40.43
2018,96,35.39,20.73,0.0,42.92
2018,97,38.75,19.98,0.0,37.91
2018,98,37.67,20.69,0.13,37.17
2018,99,38.16,21.22,0.0,27.05
2018,100,38.29,22.31,0.0,27.75
2018,101,37.9,23.07,0.0,34.15
2018,102,38.3,21.67,0.0,38.15
2018,103,38.77,19.87,0.0,41.69
2018,104,38.89,21.33,0.0,39.93
2018,105,38.67,22.17,0.0,40.3
2018,106,39.99,22.13,0.01,44.66
2018,107,39.96,25.06,0.35,40.01
2018,108,41.01,23.66,0.12,40.01
2018,109,40.08,23.24,0.0,34.55
2018,110,37.55,21.41,0.0,50.44
2018,111,38.58,20.13,0.0,44.87
2018,112,40.04,20.5,0.0,29.67
2018,113,40.2,19.92,0.0,37.52
2018,114,39.99,19.74,0.0,36.7
2018,115,39.39,20.38,0.0,29.38
2018,116,39.17,18.85,0.0,43.99
2018,117,40.95,18.85,0.0,43.76
2018,118,41.3,20.16,0.0,47.41
2018,119,39.68,21.4,0.0,52.16
2018,120,38.71,21.07,0.0,51.98
2018,121,38.91,20.2,0.0,50.48
2018,122,39.93,19.03,0.0,51.13
2018,123,39.85,19.31,0.0,49.63
2018,124,40.61,21.96,0.0,38.4
2018,125,39.1,22.31,0.0,43.84
2018,126,40.97,22.62,0.01,44.59
2018,127,38.2,23.17,0.01,47.12
2018,128,38.61,20.14,0.0,46.76
2018,129,40.28,20.5,0.0,47.41
2018,130,40.59,22.56,0.04,42.37
2018,131,39.3,23.39,0.05,51.07
2018,132,34.3,22.94,0.01,56.27
2018,133,38.25,21.47,0.42,55.48
2018,134,38.47,22.73,0.73,53.31
2018,135,38.33,21.75,0.01,54.95
2018,136,39.26,22.21,0.07,53.89
2018,137,39.61,22.64,1.13,47.48
2018,138,38.39,23.36,1.12,52.17
2018,139,37.7,22.98,0.01,52.25
2018,140,38.7,22.04,0.01,54.54
2018,141,38.24,21.69,0.0,52.44
2018,142,36.98,22.35,0.0,49.45
2018,143,39.27,22.65,0.0,48.8
2018,144,36.97,22.82,0.01,57.59
2018,145,37.36,22.37,0.0,55.93
2018,146,39.48,23.12,0.01,54.83
2018,147,37.22,24.63,1.89,63.04
2018,148,37.34,24.45,0.77,64.05
2018,149,33.69,24.45,0.03,68.6
2018,150,34.66,23.87,0.03,68.63
2018,151,35.6,24.37,0.33,66.96
2018,152,33.35,24.31,7.12,67.55
2018,153,32.52,23.53,9.6,73.06
2018,154,29.43,23.4,5.81,79.99
2018,155,31.82,22.37,5.67,78.34
2018,156,31.24,23.01,2.73,76.62
2018,157,30.29,23.56,7.81,78.62
2018,158,30.6,23.73,7.88,83.1
2018,159,27.47,23.15,11.35,88.16
2018,160,27.74,23.24,22.48,86.23
2018,161,30.13,23.29,16.98,83.71
2018,162,29.69,23.73,6.67,85.1
2018,163,29.59,23.77,0.9,82.99
2018,164,31.25,23.64,0.4,79.75
2018,165,31.23,23.48,0.43,79.74
2018,166,30.09,23.38,8.02,81.23
2018,167,30.72,23.46,9.19,78.85
2018,168,29.22,23.01,23.83,82.37
2018,169,29.58,23.0,11.35,84.4
2018,170,30.03,23.26,1.16,84.77
2018,171,29.87,23.23,2.84,84.05
2018,172,26.2,23.39,35.92,90.42
2018,173,28.85,22.32,15.67,85.16
2018,174,27.85,23.27,27.78,87.64
2018,175,27.01,21.04,38.91,87.51
2018,176,26.71,22.64,33.41,88.27
2018,177,26.65,23.09,21.37,90.2
2018,178,27.55,22.69,5.72,87.66
2018,179,28.6,22.57,12.2,86.25
2018,180,27.12,22.56,10.66,87.87
2018,181,28.47,21.63,9.03,83.85
2018,182,28.64,21.15,2.62,82.65
2018,183,28.45,22.48,11.56,87.36
2018,184,26.89,22.52,31.05,88.59
2018,185,26.21,22.79,42.7,91.13
2018,186,25.97,22.7,46.66,92.57
2018,187,26.71,22.67,20.5,90.46
2018,188,25.71,22.06,48.78,93.0
2018,189,26.48,21.98,30.71,90.68
2018,190,24.96,22.23,46.1,93.26
2018,191,26.02,21.48,40.36,92.01
2018,192,26.35,21.38,13.89,90.32
2018,193,25.23,22.79,21.7,93.5
2018,194,26.34,22.16,25.12,91.53
2018,195,26.73,22.0,28.08,91.02
2018,196,24.75,22.22,51.83,95.2
2018,197,24.73,22.6,74.82,95.57
2018,198,25.49,22.41,38.68,93.02
2018,199,26.25,21.97,16.73,91.91
2018,200,26.22,21.73,16.09,91.33
2018,201,24.39,21.95,19.83,94.36
2018,202,25.39,21.76,13.33,92.32
2018,203,25.24,21.45,11.65,92.52
2018,204,25.38,21.31,9.62,91.48
2018,205,25.93,21.48,5.69,91.48
2018,206,25.66,21.5,5.61,91.33
2018,207,26.11,21.78,5.19,91.3
2018,208,26.28,21.42,3.78,90.63
2018,209,26.9,21.52,1.19,90.22
2018,210,26.71,21.69,0.31,90.13
2018,211,27.18,21.48,1.23,89.19
2018,212,27.27,21.27,2.12,89.3
2018,213,24.99,21.71,5.5,91.7
2018,214,27.08,21.41,4.38,89.62
2018,215,26.13,21.5,9.01,90.38
2018,216,25.12,21.3,12.38,91.42
2018,217,26.52,21.23,3.03,89.27
2018,218,26.0,20.98,3.27,89.55
2018,219,26.34,21.1,5.08,89.26
2018,220,25.12,21.48,5.6,91.97
2018,221,26.88,21.5,5.48,89.76
2018,222,26.92,21.35,7.82,89.23
2018,223,26.89,21.54,15.18,89.84
2018,224,25.27,21.42,18.63,90.9
2018,225,24.43,21.45,24.22,92.09
2018,226,27.07,21.75,11.48,90.72
2018,227,24.39,21.79,14.91,93.75
2018,228,25.23,21.39,25.95,93.16
2018,229,25.11,21.23,17.17,92.85
2018,230,26.04,21.02,11.74,91.15
2018,231,26.16,21.26,20.31,91.11
2018,232,25.38,21.14,27.9,92.74
2018,233,23.89,21.36,35.83,95.24
2018,234,26.0,21.26,28.81,92.45
2018,235,26.28,21.13,13.16,91.65
2018,236,26.3,20.89,11.0,91.09
2018,237,25.6,21.01,13.03,91.73
2018,238,25.48,20.96,17.5,91.67
2018,239,25.62,21.29,14.12,91.82
2018,240,25.86,21.01,6.94,91.66
2018,241,26.48,20.65,3.41,91.25
2018,242,26.34,20.1,3.21,90.95
2018,243,26.09,20.05,4.47,91.06
2018,244,26.44,20.42,8.04,90.42
2018,245,26.0,20.71,13.76,90.73
2018,246,26.22,20.28,9.04,90.17
2018,247,26.24,19.8,3.16,90.18
2018,248,26.36,19.99,1.91,89.63
2018,249,26.09,19.87,1.13,89.67
2018,250,25.92,19.67,2.5,89.23
2018,251,24.97,18.86,1.58,89.4
2018,252,26.22,17.93,0.97,88.42
2018,253,27.54,18.56,0.16,85.07
2018,254,28.47,18.9,0.03,83.23
2018,255,26.94,18.85,0.38,86.89
2018,256,26.72,17.97,0.86,88.63
2018,257,27.6,18.61,1.87,88.03
2018,258,28.05,19.93,4.45,87.3
2018,259,28.04,20.19,2.5,87.73
2018,260,27.38,19.35,1.32,86.55
2018,261,27.83,18.85,1.36,85.47
2018,262,26.78,20.55,2.54,88.12
2018,263,28.84,20.41,4.93,87.22
2018,264,28.95,21.06,3.43,86.64
2018,265,26.73,20.75,0.31,88.96
2018,266,28.21,20.29,0.23,86.4
2018,267,28.53,20.16,0.09,85.85
2018,268,29.45,19.98,0.16,85.64
2018,269,29.57,20.46,1.94,84.83
2018,270,28.54,20.53,5.19,83.07
2018,271,29.35,19.83,8.36,80.19
2018,272,30.42,20.66,1.03,77.99
2018,273,30.85,20.2,0.45,76.51
2018,274,31.29,19.87,6.26,76.54
2018,275,30.15,20.18,2.34,79.43
2018,276,28.85,21.6,2.98,82.92
2018,277,27.68,21.44,2.66,82.94
2018,278,28.85,21.15,0.26,78.25
2018,279,29.87,19.88,0.0,72.7
2018,280,31.05,20.1,0.0,68.84
2018,281,30.52,20.45,0.09,73.06
2018,282,30.33,18.42,0.0,71.55
2018,283,30.47,19.11,0.0,71.13
2018,284,30.67,17.83,0.0,73.51
2018,285,30.85,19.41,0.01,72.31
2018,286,30.65,17.94,0.0,66.06
2018,287,30.62,16.84,0.0,64.89
2018,288,30.55,17.71,0.0,65.49
2018,289,30.72,17.67,0.08,71.39
2018,290,28.87,20.9,0.55,77.4
2018,291,27.63,20.31,5.24,83.13
2018,292,28.37,20.02,2.88,75.88
2018,293,30.24,18.77,0.01,71.56
2018,294,30.29,17.99,0.0,69.81
2018,295,30.77,18.11,0.01,68.4
2018,296,30.71,17.3,0.02,57.88
2018,297,31.04,16.16,0.01,58.3
2018,298,28.2,20.17,0.34,72.73
2018,299,30.09,19.55,0.06,64.94
2018,300,30.3,16.5,0.0,59.5
2018,301,30.08,15.93,0.0,57.88
2018,302,29.24,14.82,0.0,57.17
2018,303,28.52,13.96,0.0,56.55
2018,304,29.7,14.68,0.0,59.81
2018,305,28.98,14.12,0.0,58.43
2018,306,29.74,15.34,0.0,65.79
2018,307,29.99,19.59,0.23,74.36
2018,308,29.29,20.15,3.51,80.72
2018,309,25.74,21.38,9.25,87.82
2018,310,29.64,19.63,0.43,74.49
2018,311,29.99,18.19,0.0,65.82
2018,312,30.36,15.42,0.0,65.11
2018,313,30.42,16.2,0.0,64.15
2018,314,29.75,15.91,0.0,60.26
2018,315,29.74,14.53,0.0,57.68
2018,316,29.22,13.49,0.0,54.19
2018,317,29.01,13.68,0.0,51.59
2018,318,28.95,13.76,0.0,55.66
2018,319,30.38,12.6,0.0,51.3
2018,320,30.0,13.65,0.0,48.52
2018,321,29.95,13.78,0.0,55.53
2018,322,30.31,16.2,0.0,63.73
2018,323,29.54,18.56,0.05,66.46
2018,324,28.67,20.27,0.45,72.64
2018,325,28.44,19.52,0.01,71.59
2018,326,29.35,18.0,0.0,62.17
2018,327,29.57,16.31,0.0,54.29
2018,328,29.34,15.19,0.0,56.89
2018,329,28.35,14.74,0.0,53.78
2018,330,28.62,14.36,0.0,54.76
2018,331,28.8,13.64,0.0,45.01
2018,332,27.16,14.01,0.0,50.15
2018,333,28.12,12.67,0.0,48.8
2018,334,28.47,12.65,0.0,48.67
2018,335,26.59,12.97,0.0,52.81
2018,336,27.76,13.78,0.0,54.75
2018,337,28.05,14.67,0.0,59.29
2018,338,27.12,16.24,0.0,62.57
2018,339,29.05,15.64,0.0,61.1
2018,340,28.77,15.14,0.0,63.0
2018,341,29.47,13.74,0.0,57.19
2018,342,29.56,15.38,0.0,59.19
2018,343,29.32,15.33,0.0,57.96
2018,344,27.06,14.04,0.0,50.23
2018,345,27.67,9.94,0.0,50.01
2018,346,26.82,12.78,0.0,59.6
2018,347,27.13,10.84,0.0,55.84
2018,348,27.22,12.9,0.0,54.54
2018,349,27.25,15.08,0.0,59.77
2018,350,26.64,12.79,0.0,50.38
2018,351,26.32,11.07,0.0,52.54
2018,352,27.33,12.98,0.0,59.52
2018,353,27.22,10.76,0.0,47.16
2018,354,27.51,10.62,0.0,48.45
2018,355,28.3,12.21,0.0,57.59
2018,356,29.13,11.77,0.0,50.54
2018,357,29.39,13.91,0.0,56.32
2018,358,30.1,15.87,0.0,62.94
2018,359,30.28,16.02,0.0,58.07
2018,360,28.88,15.25,0.0,54.29
2018,361,28.29,10.11,0.0,35.34
2018,362,26.94,9.06,0.0,26.19
2018,363,27.93,8.98,0.0,26.77
2018,364,28.02,9.81,0.0,27.99
2018,365,28.45,10.25,0.0,29.18
2019,1,29.66,10.32,0.0,26.85
2019,2,30.49,10.51,0.0,29.01
2019,3,30.15,12.91,0.0,31.66
2019,4,30.66,10.98,0.0,30.66
2019,5,30.62,12.16,0.0,38.25
2019,6,30.34,11.75,0.0,38.53
2019,7,29.39,11.49,0.0,33.15
2019,8,29.75,10.63,0.0,28.1
2019,9,30.78,10.46,0.0,30.5
2019,10,30.71,10.29,0.0,29.95
2019,11,30.65,11.13,0.0,36.49
2019,12,30.06,15.0,0.0,36.78
2019,13,29.98,11.03,0.0,40.7
2019,14,30.0,12.71,0.0,41.09
2019,15,30.12,13.36,0.0,38.8
2019,16,31.11,13.52,0.0,43.06
2019,17,31.3,13.03,0.0,36.0
2019,18,31.56,12.79,0.0,32.27
2019,19,31.27,13.15,0.0,31.33
2019,20,31.51,13.44,0.0,32.48
2019,21,30.84,13.46,0.0,45.73
2019,22,27.82,13.13,0.0,69.84
2019,23,27.56,13.29,0.0,68.19
2019,24,29.33,10.12,0.0,47.82
2019,25,28.09,9.29,0.0,38.74
2019,26,28.38,8.67,0.0,41.05
2019,27,27.51,12.54,0.0,58.5
2019,28,26.99,12.08,0.0,38.34
2019,29,28.28,10.48,0.0,25.56
2019,30,29.57,9.94,0.0,25.3
2019,31,30.82,11.8,0.0,32.72
2019,32,30.96,13.13,0.0,42.88
2019,33,31.12,13.89,0.0,43.26
2019,34,31.28,14.97,0.0,43.35
2019,35,32.22,15.76,0.0,40.92
2019,36,32.41,15.46,0.0,44.95
2019,37,32.43,15.28,0.0,48.4
2019,38,27.71,12.03,0.0,62.65
2019,39,26.85,9.95,0.0,55.37
2019,40,30.07,7.2,0.0,30.71
2019,41,32.31,10.47,0.0,22.67
2019,42,32.98,12.78,0.0,28.83
2019,43,33.74,16.54,0.0,39.24
2019,44,34.21,18.92,0.0,40.27
2019,45,34.36,17.75,0.0,39.92
2019,46,32.3,16.34,0.0,44.66
2019,47,32.44,12.85,0.0,38.73
2019,48,32.59,13.03,0.0,29.74
2019,49,35.27,13.72,0.0,27.99
2019,50,36.61,15.99,0.0,28.22
2019,51,37.18,15.78,0.0,34.08
2019,52,36.12,17.76,0.0,50.63
2019,53,35.57,20.34,0.0,37.91
2019,54,37.03,19.99,0.0,30.62
2019,55,36.43,19.2,0.0,23.18
2019,56,35.38,17.77,0.0,26.87
2019,57,31.94,16.41,0.0,33.45
2019,58,30.26,14.93,0.0,47.79
2019,59,31.36,13.24,0.0,43.68
2019,60,34.09,12.79,0.0,26.05
2019,61,37.06,15.58,0.0,34.71
2019,62,34.12,16.56,0.0,59.28
2019,63,33.46,16.9,0.0,64.13
2019,64,33.01,17.17,0.0,59.49
2019,65,32.57,14.07,0.0,55.2
2019,66,34.31,12.87,0.0,40.9
2019,67,36.4,16.11,0.0,27.08
2019,68,36.16,17.77,0.0,29.82
2019,69,37.32,16.96,0.0,30.31
2019,70,35.59,17.15,0.0,38.21
2019,71,36.29,15.98,0.0,39.24
2019,72,35.07,16.36,0.0,43.19
2019,73,35.15,16.29,0.0,39.89
2019,74,36.78,16.95,0.0,24.12
2019,75,38.11,18.18,0.0,22.85
2019,76,36.81,18.98,0.0,24.75
2019,77,37.56,17.77,0.0,25.89
2019,78,37.73,18.0,0.0,25.72
2019,79,37.26,18.17,0.0,31.9
2019,80,36.65,16.05,0.0,41.53
2019,81,37.15,16.64,0.0,29.97
2019,82,38.99,18.15,0.0,21.9
2019,83,39.52,19.31,0.0,18.41
2019,84,40.3,20.91,0.0,20.81
2019,85,40.16,21.45,0.0,21.44
2019,86,40.11,20.8,0.0,29.66
2019,87,40.36,19.54,0.0,22.37
2019,88,40.69,19.6,0.0,27.78
2019,89,40.46,20.98,0.0,32.82
2019,90,38.76,20.65,0.0,42.91
2019,91,38.76,19.23,0.0,39.64
2019,92,39.93,18.95,0.0,38.44
2019,93,40.87,18.84,0.0,38.82
2019,94,41.41,20.82,0.01,33.83
2019,95,39.7,20.85,0.0,48.97
2019,96,39.94,20.42,0.0,40.66
2019,97,39.16,20.46,0.0,39.22
2019,98,40.31,19.72,0.0,39.3
2019,99,38.91,20.31,0.0,39.51
2019,100,40.3,19.9,0.0,30.94
2019,101,40.52,19.62,0.0,37.09
2019,102,40.31,21.18,0.02,39.81
2019,103,41.32,21.76,0.02,28.87
2019,104,39.34,23.23,0.78,33.63
2019,105,37.27,24.74,1.17,36.61
2019,106,35.54,22.23,0.6,51.31
2019,107,35.42,19.24,0.0,48.69
2019,108,37.66,15.04,0.0,39.01
2019,109,38.62,18.35,0.0,46.72
2019,110,38.26,18.99,0.0,40.35
2019,111,37.78,19.26,0.0,47.02
2019,112,38.33,19.17,0.0,39.08
2019,113,40.65,19.02,0.0,37.35
2019,114,41.71,21.21,0.0,33.89
2019,115,41.89,21.51,0.0,39.06
2019,116,43.2,23.5,0.0,31.62
2019,117,42.96,24.1,0.0,32.96
2019,118,42.52,26.02,0.0,27.23
2019,119,40.33,22.71,0.0,39.9
2019,120,38.7,23.0,0.0,38.14
2019,121,36.93,20.75,0.0,52.89
2019,122,36.75,19.78,0.0,51.79
2019,123,35.87,19.16,0.0,55.73
2019,124,35.71,20.31,0.0,60.49
2019,125,36.89,21.1,0.0,55.5
2019,126,38.68,20.57,0.0,52.18
2019,127,37.91,20.54,0.0,54.3
2019,128,36.95,22.11,0.0,59.73
2019,129,36.52,21.67,0.0,56.54
2019,130,36.87,21.28,0.0,55.08
2019,131,39.1,20.44,0.0,53.34
2019,132,40.07,20.7,0.0,53.75
2019,133,39.67,21.7,0.0,51.96
2019,134,38.9,20.72,0.0,50.78
2019,135,38.82,20.31,0.0,49.47
2019,136,38.68,20.19,0.13,49.32
2019,137,39.2,19.61,0.0,48.47
2019,138,39.91,21.01,0.0,41.4
2019,139,40.62,22.95,0.0,32.33
2019,140,41.61,22.83,0.0,34.77
2019,141,40.65,22.46,0.0,50.67
2019,142,39.92,22.93,0.0,54.29
2019,143,38.69,22.82,0.0,55.05
2019,144,38.43,22.22,0.0,55.67
2019,145,37.1,23.3,0.0,54.54
2019,146,37.79,22.33,0.0,50.61
2019,147,38.43,21.94,0.0,52.62
2019,148,40.01,22.59,0.0,52.63
2019,149,39.95,22.84,0.0,52.51
2019,150,38.92,22.55,0.0,56.49
2019,151,39.64,23.56,0.0,55.38
2019,152,39.8,23.87,0.0,55.02
2019,153,40.0,23.43,0.0,57.14
2019,154,31.84,24.0,0.01,64.48
2019,155,37.69,23.57,0.02,59.15
2019,156,38.72,22.91,0.06,54.83
2019,157,37.31,24.32,0.03,51.96
2019,158,38.63,23.19,0.19,53.86
2019,159,32.1,24.41,0.95,61.15
2019,160,31.85,24.96,5.27,66.67
2019,161,32.52,24.2,14.23,75.41
2019,162,33.56,24.31,10.93,77.03
2019,163,30.89,23.4,6.89,76.7
2019,164,30.86,22.67,5.97,73.65
2019,165,31.07,21.96,12.72,75.32
2019,166,31.22,22.73,12.67,76.76
2019,167,32.13,23.05,2.54,76.85
2019,168,31.44,23.11,2.08,76.99
2019,169,31.08,22.77,5.26,77.38
2019,170,30.71,23.17,7.58,79.27
2019,171,31.46,22.95,1.46,76.93
2019,172,33.23,22.15,0.04,72.29
2019,173,32.1,22.79,0.86,73.82
2019,174,29.62,23.24,3.21,79.97
2019,175,27.13,22.58,6.64,82.4
2019,176,31.97,22.66,4.66,78.84
2019,177,31.4,23.2,9.6,82.16
2019,178,28.97,22.85,58.54,87.12
2019,179,26.56,21.81,106.74,90.76
2019,180,25.17,21.7,39.67,92.59
2019,181,26.66,22.86,38.02,89.69
2019,182,25.6,22.72,55.88,90.95
2019,183,27.58,22.3,32.6,88.49
2019,184,26.3,21.93,12.79,89.78
2019,185,25.84,20.6,4.47,83.28
2019,186,26.55,20.71,35.31,91.46
2019,187,25.82,23.4,63.1,93.07
2019,188,25.57,23.26,45.42,93.98
2019,189,26.96,23.25,39.66,91.54
2019,190,26.84,23.64,29.36,92.66
2019,191,26.88,23.49,30.98,92.06
2019,192,25.38,23.19,36.32,93.71
2019,193,27.61,22.57,5.46,89.44
2019,194,27.21,22.76,7.02,90.72
2019,195,26.68,22.89,11.35,92.21
2019,196,27.56,22.46,8.54,89.7
2019,197,26.38,22.45,7.85,91.42
2019,198,26.8,22.02,2.4,89.81
2019,199,28.27,21.7,3.7,87.72
2019,200,28.98,21.64,14.57,87.21
2019,201,29.36,22.61,17.59,86.02
2019,202,28.83,22.7,11.95,88.37
2019,203,26.99,23.01,12.63,92.83
2019,204,28.84,22.56,10.95,90.22
2019,205,25.52,23.19,41.9,93.84
2019,206,26.23,23.08,24.46,93.44
2019,207,25.4,23.02,72.45,94.15
2019,208,24.24,22.6,62.85,95.4
2019,209,24.93,22.56,26.8,94.3
2019,210,24.29,22.52,55.34,95.47
2019,211,24.19,22.02,46.2,95.31
2019,212,24.46,22.04,32.18,94.78
2019,213,25.78,22.04,36.67,92.75
2019,214,25.19,21.89,52.34,93.85
2019,215,24.43,22.67,71.94,96.03
2019,216,24.5,22.57,103.69,96.42
2019,217,24.72,22.87,39.84,95.23
2019,218,24.5,22.85,27.76,95.25
2019,219,24.4,22.84,32.7,95.89
2019,220,24.86,22.48,22.64,95.08
2019,221,24.25,22.43,24.63,95.84
2019,222,25.58,21.53,22.81,93.32
2019,223,25.95,21.33,15.0,92.25
2019,224,25.47,21.37,7.28,92.78
2019,225,27.2,21.76,7.85,92.28
2019,226,25.47,22.31,6.7,94.52
2019,227,26.84,22.29,7.41,92.04
2019,228,27.23,21.83,7.02,90.95
2019,229,27.05,21.4,2.41,90.36
2019,230,27.0,21.11,2.53,90.57
2019,231,27.3,20.88,1.6,90.68
2019,232,26.89,20.96,2.02,90.58
2019,233,27.21,20.46,9.44,90.29
2019,234,26.77,20.93,7.53,90.11
2019,235,26.36,20.39,5.2,90.69
2019,236,26.64,21.2,5.24,90.0
2019,237,26.14,20.37,3.43,89.84
2019,238,26.0,19.87,1.69,90.36
2019,239,26.43,20.02,3.28,90.07
2019,240,27.59,20.66,1.47,89.11
2019,241,28.27,20.95,8.11,89.43
2019,242,27.4,21.9,17.11,90.72
2019,243,26.05,22.21,23.48,93.52
2019,244,25.3,22.49,15.58,92.9
2019,245,26.65,22.5,21.02,91.87
2019,246,25.81,21.36,55.34,93.01
2019,247,25.13,22.17,67.23,95.22
2019,248,25.06,22.32,45.24,95.25
2019,249,25.11,22.05,38.78,94.45
2019,250,25.32,21.67,54.96,94.21
2019,251,25.49,21.97,27.33,93.83
2019,252,25.91,22.26,23.5,93.73
2019,253,26.51,22.06,16.41,92.94
2019,254,25.43,21.75,9.0,93.2
2019,255,24.66,21.83,15.07,94.16
2019,256,26.24,21.93,30.05,93.34
2019,257,26.67,22.08,32.87,92.79
2019,258,26.86,20.99,10.27,91.6
2019,259,26.57,20.58,9.09,92.03
2019,260,26.38,21.69,14.08,92.45
2019,261,27.8,21.42,15.29,92.64
2019,262,28.34,22.06,22.14,90.66
2019,263,25.45,20.81,11.58,93.09
2019,264,27.57,19.61,6.57,90.46
2019,265,28.49,21.11,2.8,91.21
2019,266,28.28,21.05,16.22,88.86
2019,267,27.18,21.89,38.27,91.89
2019,268,26.78,22.35,45.5,92.25
2019,269,24.71,21.71,30.25,96.08
2019,270,26.06,20.58,2.52,92.39
2019,271,26.8,20.48,1.26,91.65
2019,272,26.42,19.82,0.77,91.86
2019,273,26.83,20.42,1.74,91.9
2019,274,27.59,20.0,0.6,89.54
2019,275,28.34,20.09,0.16,86.29
2019,276,29.04,20.39,1.74,86.41
2019,277,27.34,21.12,15.37,88.65
2019,278,27.13,20.83,16.83,85.97
2019,279,26.97,20.39,6.29,86.26
2019,280,27.42,20.57,6.71,87.82
2019,281,28.62,20.4,11.69,86.06
2019,282,28.27,20.77,12.94,85.57
2019,283,27.43,20.58,6.18,83.86
2019,284,27.03,20.56,2.72,83.88
2019,285,27.56,20.36,4.54,86.56
2019,286,26.22,21.26,5.39,91.23
2019,287,28.75,20.44,0.2,85.25
2019,288,28.08,18.95,0.0,81.11
2019,289,27.26,17.37,0.0,81.22
2019,290,27.16,19.02,0.03,85.9
2019,291,26.12,20.43,1.94,87.77
2019,292,23.93,19.61,31.91,94.09
2019,293,24.78,19.99,18.34,92.83
2019,294,24.31,20.28,19.05,93.52
2019,295,25.24,20.68,17.93,94.77
2019,296,24.93,20.7,14.99,91.61
2019,297,24.38,20.6,8.63,94.72
2019,298,24.94,20.42,4.57,93.27
2019,299,26.09,20.18,1.45,91.21
2019,300,25.36,18.27,1.07,84.27
2019,301,27.69,17.11,2.61,87.28
2019,302,28.19,20.39,1.05,88.61
2019,303,27.76,21.1,2.7,88.86
2019,304,25.74,20.52,0.74,89.88
2019,305,24.41,20.66,9.99,94.12
2019,306,26.2,18.89,5.98,87.65
2019,307,27.79,19.44,8.22,87.49
2019,308,28.18,19.22,12.55,88.93
2019,309,28.39,18.86,2.59,84.3
2019,310,27.84,19.05,1.87,83.22
2019,311,26.95,18.6,0.84,90.48
2019,312,26.43,18.46,2.72,89.69
2019,313,27.37,18.13,0.63,81.81
2019,314,27.81,16.71,0.0,82.16
2019,315,28.01,16.92,0.0,80.31
2019,316,27.1,17.19,0.0,83.02
2019,317,26.17,16.99,0.0,84.36
2019,318,26.14,14.91,0.01,83.02
2019,319,26.59,18.13,0.0,83.81
2019,320,27.19,17.92,0.0,86.3
2019,321,26.54,18.5,0.0,85.24
2019,322,26.65,16.58,0.0,83.1
2019,323,25.99,15.75,0.0,80.03
2019,324,27.12,14.65,0.0,78.97
2019,325,26.85,16.81,0.0,84.07
2019,326,26.45,16.39,0.0,81.23
2019,327,25.98,15.35,0.0,79.5
2019,328,25.18,15.35,0.0,79.71
2019,329,26.68,13.98,0.0,79.03
2019,330,26.34,15.02,0.0,78.98
2019,331,26.24,15.14,0.0,77.27
2019,332,26.97,14.77,0.0,79.39
2019,333,27.45,16.73,0.0,80.01
2019,334,27.31,17.03,0.0,80.19
2019,335,27.03,18.77,0.0,84.12
2019,336,26.86,18.19,0.04,83.17
2019,337,26.1,17.54,0.03,86.56
2019,338,25.03,18.75,0.07,87.66
2019,339,25.31,18.7,0.02,87.31
2019,340,25.06,16.04,0.0,80.87
2019,341,25.68,15.05,0.0,80.68
2019,342,26.48,14.41,0.0,78.71
2019,343,27.03,16.34,0.0,81.63
2019,344,26.96,17.0,0.0,78.66
2019,345,27.61,16.48,0.0,74.19
2019,346,26.86,15.94,0.0,82.14
2019,347,26.52,15.49,0.0,78.71
2019,348,26.78,14.18,0.0,79.91
2019,349,26.92,15.46,0.0,78.46
2019,350,26.35,17.19,0.0,82.01
2019,351,26.33,16.05,0.0,81.46
2019,352,25.93,15.48,0.0,81.43
2019,353,26.19,14.53,0.0,77.6
2019,354,26.42,14.67,0.0,73.02
2019,355,26.06,15.92,0.0,75.69
2019,356,26.28,15.15,0.0,80.98
2019,357,27.14,17.16,0.0,78.12
2019,358,26.95,17.02,0.0,82.58
2019,359,25.68,19.1,0.11,85.54
2019,360,26.02,17.93,0.13,85.76
2019,361,26.74,16.16,0.0,82.08
2019,362,26.5,13.37,0.0,78.07
2019,363,25.86,14.8,0.0,82.77
2019,364,26.05,15.4,0.0,86.31
2019,365,24.44,13.2,0.0,80.97
2020,1,25.4,11.18,0.0,76.18
2020,2,25.74,12.76,0.0,77.99
2020,3,24.37,12.48,0.0,80.61
2020,4,24.06,9.85,0.0,75.26
2020,5,24.46,11.7,0.0,79.12
2020,6,26.26,12.72,0.0,76.77
2020,7,26.89,14.79,0.0,83.01
2020,8,24.8,14.96,0.0,88.48
2020,9,25.32,11.27,0.0,79.48
2020,10,25.57,12.89,0.0,79.38
2020,11,26.09,13.01,0.0,74.8
2020,12,25.83,12.54,0.0,65.31
2020,13,25.95,14.76,0.0,74.37
2020,14,25.53,13.84,0.0,82.97
2020,15,25.64,12.15,0.0,82.48
2020,16,22.3,9.88,0.0,77.7
2020,17,23.99,7.25,0.0,61.93
2020,18,27.03,9.71,0.0,67.89
2020,19,27.15,11.69,0.0,70.25
2020,20,28.22,12.8,0.0,72.66
2020,21,28.38,14.92,0.0,70.85
2020,22,28.58,14.5,0.0,68.41
2020,23,27.93,14.54,0.0,64.63
2020,24,28.17,14.16,0.0,65.1
2020,25,28.68,14.76,0.0,63.27
2020,26,29.47,14.9,0.0,65.53
2020,27,28.18,14.88,0.0,70.07
2020,28,24.53,13.46,0.0,84.12
2020,29,23.68,11.2,0.0,78.82
2020,30,26.0,8.62,0.0,63.08
2020,31,26.67,9.97,0.0,60.88
2020,32,27.47,9.01,0.0,60.44
2020,33,27.92,13.07,0.0,69.05
2020,34,27.81,12.91,0.0,77.08
2020,35,27.1,14.14,0.0,74.87
2020,36,28.27,11.81,0.0,60.61
2020,37,27.35,12.74,0.0,59.68
2020,38,25.22,11.4,0.0,54.63
2020,39,26.05,9.65,0.0,69.76
2020,40,27.15,13.84,0.0,70.94
2020,41,28.34,15.71,0.0,69.63
2020,42,28.35,16.64,0.0,70.75
2020,43,29.52,16.94,0.0,65.44
2020,44,29.34,15.59,0.0,59.54
2020,45,29.93,14.43,0.0,58.76
2020,46,30.62,14.08,0.0,55.31
2020,47,31.97,14.54,0.0,51.55
2020,48,32.03,14.99,0.0,49.43
2020,49,31.74,15.6,0.0,49.35
2020,50,31.97,17.04,0.0,54.3
2020,51,32.2,16.88,0.0,54.83
2020,52,31.78,15.88,0.0,55.94
2020,53,32.27,16.09,0.0,52.98
2020,54,32.89,16.68,0.0,49.28
2020,55,33.26,16.51,0.0,45.37
2020,56,31.81,14.6,0.0,41.49
2020,57,31.5,14.83,0.0,36.52
2020,58,32.43,14.38,0.0,35.66
2020,59,33.19,14.39,0.0,41.12
2020,60,32.58,16.06,0.0,46.64
2020,61,32.04,18.65,0.38,51.98
2020,62,32.41,16.95,0.0,52.44
2020,63,29.99,16.41,0.0,58.74
2020,64,29.51,14.17,0.0,68.07
2020,65,30.14,14.78,0.0,66.38
2020,66,28.11,15.77,0.0,72.19
2020,67,29.28,14.83,0.0,66.13
2020,68,32.09,13.76,0.0,58.82
2020,69,30.98,15.63,0.0,63.27
2020,70,30.7,14.72,0.0,70.72
2020,71,29.5,15.2,0.0,67.48
2020,72,29.57,13.7,0.0,69.88
2020,73,30.22,13.14,0.0,60.89
2020,74,33.46,10.92,0.0,34.15
2020,75,34.9,13.85,0.0,32.97
2020,76,36.17,17.65,0.11,38.3
2020,77,36.43,21.09,0.0,38.02
2020,78,35.79,21.21,0.0,37.9
2020,79,34.51,18.12,0.0,39.14
2020,80,32.88,16.79,0.0,49.33
2020,81,33.78,16.07,0.0,52.85
2020,82,35.25,16.63,0.0,47.75
2020,83,36.5,18.74,0.0,44.27
2020,84,37.58,19.95,0.43,43.41
2020,85,33.42,23.44,2.99,51.72
2020,86,33.18,21.79,2.38,61.71
2020,87,34.97,21.47,0.36,57.43
2020,88,35.22,20.48,1.09,48.66
2020,89,37.15,21.44,1.04,45.3
2020,90,37.18,21.89,0.2,44.03
2020,91,37.37,20.12,0.09,41.7
2020,92,37.81,20.59,0.0,37.46
2020,93,38.22,20.24,0.0,33.91
2020,94,38.48,20.86,0.0,35.17
2020,95,38.65,20.8,0.01,39.12
2020,96,38.75,20.92,0.09,41.94
2020,97,37.15,19.0,0.07,51.3
2020,98,36.57,19.29,0.0,47.3
2020,99,35.15,17.44,0.0,46.11
2020,100,36.53,16.8,0.0,51.15
2020,101,38.05,19.19,0.0,42.53
2020,102,38.68,23.07,0.01,39.56
2020,103,38.73,24.5,0.63,35.09
2020,104,39.67,23.44,0.1,34.38
2020,105,40.26,21.78,0.32,33.02
2020,106,40.02,24.25,0.11,32.77
2020,107,40.16,23.21,0.07,42.39
2020,108,39.64,22.2,0.02,44.29
2020,109,40.05,23.12,0.05,42.24
2020,110,40.38,22.96,1.49,41.05
2020,111,39.63,25.58,0.02,34.04
2020,112,39.01,22.88,0.0,30.36
2020,113,39.54,20.28,0.0,41.93
2020,114,38.67,21.83,0.0,48.29
2020,115,37.8,21.54,0.0,51.97
2020,116,36.49,21.87,0.0,52.99
2020,117,38.91,18.61,0.0,46.93
2020,118,38.27,20.41,0.0,56.05
2020,119,40.47,21.73,0.01,47.24
2020,120,39.76,22.77,0.22,47.66
2020,121,40.24,23.57,0.88,51.64
2020,122,39.3,22.71,1.27,56.01
2020,123,39.0,22.93,5.2,57.53
2020,124,39.51,22.54,0.04,52.27
2020,125,39.36,21.35,0.01,48.36
2020,126,39.64,20.7,0.02,55.07
2020,127,40.09,22.31,0.05,47.9
2020,128,41.15,22.17,0.0,40.52
2020,129,40.45,21.05,0.0,48.32
2020,130,41.01,21.24,0.0,47.22
2020,131,40.27,22.51,1.22,48.15
2020,132,40.31,23.48,5.17,46.66
2020,133,39.03,22.41,0.08,43.71
2020,134,39.23,22.73,0.77,50.64
2020,135,38.74,24.21,1.28,52.7
2020,136,33.55,24.32,4.1,60.61
2020,137,35.45,23.49,0.25,58.92
2020,138,36.19,23.9,0.99,58.85
2020,139,33.63,23.6,0.31,60.17
2020,140,36.54,23.09,0.01,61.28
2020,141,38.35,22.6,0.01,57.49
2020,142,39.09,23.19,0.0,56.54
2020,143,38.81,23.75,0.0,53.84
2020,144,40.89,21.93,0.0,48.53
2020,145,40.53,23.29,0.0,50.84
2020,146,40.4,23.62,0.0,53.23
2020,147,39.75,23.68,0.0,54.26
2020,148,38.49,23.15,0.0,55.68
2020,149,37.4,23.33,0.0,60.87
2020,150,36.67,23.63,0.0,62.49
2020,151,35.09,25.03,0.0,61.12
2020,152,30.96,24.69,1.17,64.51
2020,153,29.95,23.38,7.12,70.3
2020,154,29.27,22.54,16.91,77.74
2020,155,27.42,22.94,79.26,87.83
2020,156,26.18,22.43,26.22,88.69
2020,157,30.59,21.06,2.25,76.29
2020,158,29.44,21.68,8.45,80.88
2020,159,29.44,22.33,5.22,82.6
2020,160,30.02,21.03,8.66,73.38
2020,161,29.8,19.41,3.36,77.87
2020,162,30.18,20.22,5.71,80.73
2020,163,27.72,22.04,5.32,85.85
2020,164,30.23,22.35,5.37,82.89
2020,165,28.01,21.76,15.09,88.0
2020,166,30.31,23.13,10.06,86.77
2020,167,28.74,23.09,19.36,90.39
2020,168,28.26,22.26,11.15,87.44
2020,169,27.82,23.15,26.86,87.83
2020,170,27.49,22.85,28.39,88.98
2020,171,28.93,22.93,8.61,86.01
2020,172,28.51,23.13,1.93,86.42
2020,173,28.14,22.77,4.05,86.88
2020,174,28.74,22.75,2.17,83.74
2020,175,29.78,22.4,2.34,80.69
2020,176,30.39,21.76,1.88,80.97
2020,177,31.43,22.36,8.8,81.01
2020,178,26.42,22.64,6.56,88.63
2020,179,29.53,22.25,4.38,84.91
2020,180,28.74,22.77,10.29,86.25
2020,181,29.98,22.49,28.3,86.5
2020,182,26.76,22.64,27.34,91.76
2020,183,27.43,21.84,4.86,86.62
2020,184,29.08,21.87,8.03,86.08
2020,185,24.96,22.26,23.72,90.63
2020,186,27.06,22.44,50.41,91.69
2020,187,26.88,22.44,34.17,90.09
2020,188,27.56,23.29,24.24,88.97
2020,189,26.87,22.66,43.03,91.09
2020,190,27.85,22.05,18.7,88.1
2020,191,28.06,22.04,19.19,87.81
2020,192,27.28,22.46,17.3,90.02
2020,193,27.26,22.83,11.92,89.46
2020,194,26.93,22.14,13.83,88.73
2020,195,27.7,21.38,11.57,89.96
2020,196,27.56,22.47,19.44,89.77
2020,197,24.81,22.85,38.04,93.71
2020,198,24.78,21.35,21.53,92.12
2020,199,27.71,21.09,17.49,89.5
2020,200,28.35,21.69,7.57,89.4
2020,201,28.34,22.26,4.46,90.07
2020,202,26.65,21.96,2.27,89.45
2020,203,28.36,21.23,1.21,87.77
2020,204,27.89,22.17,4.56,89.42
2020,205,26.68,22.13,8.06,90.71
2020,206,27.26,21.62,27.69,89.43
2020,207,25.6,21.03,11.32,90.15
2020,208,27.82,21.1,17.34,88.47
2020,209,27.12,21.61,12.2,90.8
2020,210,26.4,21.68,16.54,91.92
2020,211,26.53,21.86,5.9,92.79
2020,212,27.74,21.41,6.55,88.17
2020,213,25.78,21.41,6.7,91.79
2020,214,27.04,22.04,3.93,92.35
2020,215,26.92,21.81,7.4,91.89
2020,216,26.55,22.68,30.78,93.07
2020,217,25.54,22.8,92.3,95.14
2020,218,25.62,22.53,74.93,95.28
2020,219,24.42,21.24,52.36,94.77
2020,220,26.83,22.87,23.93,91.96
2020,221,26.74,22.31,12.04,91.35
2020,222,26.47,22.27,8.23,92.12
2020,223,25.37,22.6,33.99,94.1
2020,224,26.12,22.2,15.93,92.62
2020,225,25.55,22.31,28.97,93.6
2020,226,24.28,22.46,47.0,95.73
2020,227,25.1,22.52,49.34,94.5
2020,228,25.03,22.63,42.83,94.7
2020,229,24.53,22.69,30.39,95.52
2020,230,24.31,21.92,36.92,95.75
2020,231,26.02,21.95,22.18,93.24
2020,232,26.53,22.13,14.87,92.59
2020,233,24.33,22.25,33.49,95.92
2020,234,24.67,22.24,30.88,95.25
2020,235,26.51,22.42,13.86,93.26
2020,236,26.46,22.3,8.79,92.44
2020,237,26.29,21.81,6.7,92.04
2020,238,26.8,21.4,4.22,91.73
2020,239,27.19,20.77,2.49,91.14
2020,240,26.62,21.03,3.81,92.34
2020,241,26.41,21.09,29.57,92.63
2020,242,25.03,21.65,31.88,94.58
2020,243,24.95,21.94,21.22,94.43
2020,244,26.56,21.63,13.04,92.54
2020,245,27.23,20.82,3.73,91.65
2020,246,26.75,21.12,0.66,91.1
2020,247,27.59,21.59,4.61,90.16
2020,248,28.91,21.42,3.25,86.98
2020,249,29.62,21.89,9.45,86.2
2020,250,29.84,21.99,19.17,86.29
2020,251,29.16,22.99,15.52,88.44
2020,252,27.89,22.79,5.31,92.17
2020,253,27.83,21.67,15.54,89.68
2020,254,25.63,22.53,26.21,93.92
2020,255,26.4,22.15,13.89,92.19
2020,256,27.47,21.86,15.16,90.82
2020,257,26.88,21.81,4.18,92.95
2020,258,24.8,21.14,3.76,93.37
2020,259,24.35,20.96,4.23,93.78
2020,260,25.54,21.16,5.23,93.38
2020,261,26.2,21.37,7.01,93.25
2020,262,24.38,21.46,3.23,95.11
2020,263,25.88,20.98,13.64,94.2
2020,264,25.79,21.94,14.94,93.0
2020,265,26.79,22.3,12.62,94.37
2020,266,24.9,22.33,42.42,96.61
2020,267,25.19,22.27,35.13,95.49
2020,268,28.16,21.7,4.94,92.23
2020,269,25.39,21.74,13.34,94.49
2020,270,25.33,20.45,2.46,92.65
2020,271,26.67,19.67,2.08,89.82
2020,272,27.35,19.98,0.27,89.4
2020,273,26.64,20.26,0.29,90.18
2020,274,27.45,19.67,0.36,89.81
2020,275,27.32,20.3,0.35,89.13
2020,276,27.9,20.89,2.26,88.66
2020,277,28.9,21.26,5.87,87.69
2020,278,27.0,21.89,4.37,91.49
2020,279,27.81,21.29,0.52,88.84
2020,280,27.0,20.17,0.13,88.85
2020,281,28.82,20.61,0.09,82.59
2020,282,28.87,21.31,0.23,76.5
2020,283,28.15,20.21,0.07,82.04
2020,284,27.44,22.03,15.35,86.79
2020,285,27.15,21.48,12.85,88.33
2020,286,26.76,20.52,5.32,90.08
2020,287,28.23,22.08,19.0,87.26
2020,288,26.89,22.19,28.83,92.68
2020,289,26.03,22.43,41.91,94.88
2020,290,27.66,21.31,1.27,91.24
2020,291,27.56,19.78,2.15,89.35
2020,292,27.98,20.24,5.16,90.25
2020,293,27.18,21.45,13.99,91.73
2020,294,28.73,21.31,15.14,89.38
2020,295,28.7,23.02,4.94,88.48
2020,296,26.77,22.55,13.4,93.18
2020,297,26.08,21.47,6.31,91.17
2020,298,27.59,20.86,7.74,89.17
2020,299,27.71,20.36,6.64,82.65
2020,300,27.44,19.04,1.29,88.44
2020,301,27.44,18.97,0.01,83.07
2020,302,27.74,18.1,0.0,76.03
2020,303,28.13,16.37,0.0,74.79
2020,304,28.29,16.16,0.0,72.51
2020,305,27.88,16.3,0.0,77.22
2020,306,27.76,18.48,0.0,81.48
2020,307,25.51,19.47,0.0,83.89
2020,308,27.41,17.18,0.0,79.44
2020,309,27.96,16.74,0.0,75.07
2020,310,26.74,15.55,0.0,75.69
2020,311,26.05,14.49,0.0,73.46
2020,312,27.05,13.67,0.0,80.57
2020,313,27.21,16.12,0.0,82.86
2020,314,26.58,14.09,0.0,75.8
2020,315,25.02,12.57,0.0,72.99
2020,316,24.91,11.76,0.0,73.89
2020,317,25.75,12.09,0.0,78.32
2020,318,27.36,17.73,0.0,86.6
2020,319,28.12,19.13,0.0,84.55
2020,320,28.33,17.35,0.0,80.48
2020,321,28.07,17.18,0.0,84.19
2020,322,27.11,19.05,0.0,84.24
2020,323,27.69,18.2,0.05,85.66
2020,324,27.88,20.11,0.04,83.99
2020,325,28.15,19.41,0.87,82.69
2020,326,28.15,19.54,0.29,82.04
2020,327,26.29,18.67,0.01,86.02
2020,328,27.59,18.4,0.0,84.32
2020,329,27.13,17.09,0.0,80.46
2020,330,26.35,15.44,0.0,75.83
2020,331,26.71,14.59,0.0,79.74
2020,332,25.36,16.35,0.0,83.31
2020,333,25.86,16.25,0.0,84.68
2020,334,26.95,17.95,0.0,85.47
2020,335,27.56,18.76,0.0,86.17
2020,336,27.56,18.85,0.0,85.42
2020,337,26.69,16.55,0.0,80.34
2020,338,26.35,13.79,0.0,75.77
2020,339,26.88,13.42,0.0,72.41
2020,340,26.16,13.06,0.0,70.76
2020,341,26.27,13.11,0.0,72.56
2020,342,26.68,12.36,0.0,71.42
2020,343,26.89,12.99,0.0,69.31
2020,344,26.81,14.16,0.01,75.23
2020,345,27.43,16.59,0.2,76.34
2020,346,24.77,18.58,0.64,84.83
2020,347,26.54,17.11,0.05,80.64
2020,348,25.57,16.97,1.08,79.2
2020,349,26.28,17.51,4.56,81.36
2020,350,26.42,15.93,0.16,80.68
2020,351,26.79,16.14,0.0,78.72
2020,352,26.4,15.74,0.0,80.44
2020,353,25.86,14.78,0.0,79.54
2020,354,24.88,14.51,0.0,79.17
2020,355,25.14,13.33,0.0,72.37
2020,356,24.39,11.37,0.0,63.27
2020,357,24.46,9.56,0.0,63.1
2020,358,25.23,10.16,0.0,61.56
2020,359,25.87,10.39,0.0,66.48
2020,360,26.12,13.26,0.0,73.71
2020,361,26.65,13.24,0.0,70.6
2020,362,27.51,13.79,0.0,74.86
2020,363,26.67,12.95,0.0,74.01
2020,364,26.83,12.52,0.0,72.32
2020,365,26.76,12.82,0.0,72.16
2020,366,26.68,14.45,0.0,77.59
2021,1,26.8,15.76,0.01,78.45
2021,2,26.02,17.59,0.0,82.12
2021,3,26.13,16.65,0.0,77.4
2021,4,26.09,17.16,1.07,82.8
2021,5,25.07,16.53,0.13,81.44
2021,6,26.57,17.48,0.04,80.92
2021,7,24.34,19.22,1.84,90.06
2021,8,26.55,18.36,9.98,88.65
2021,9,27.2,18.74,3.4,83.79
2021,10,27.78,19.0,0.15,78.06
2021,11,28.88,17.28,0.0,72.05
2021,12,29.48,16.57,0.0,69.67
2021,13,28.2,17.05,0.0,69.94
2021,14,28.39,16.16,0.0,67.29
2021,15,28.93,14.6,0.0,70.39
2021,16,28.9,15.92,0.0,67.05
2021,17,29.66,17.54,0.0,72.42
2021,18,29.34,18.75,0.0,76.75
2021,19,29.35,16.73,0.0,73.0
2021,20,28.95,16.82,0.0,66.92
2021,21,28.07,13.81,0.0,60.8
2021,22,28.9,13.16,0.0,57.11
2021,23,29.23,15.0,0.0,62.16
2021,24,29.05,15.6,0.0,61.77
2021,25,29.28,12.24,0.0,59.07
2021,26,28.56,14.74,0.0,55.26
2021,27,28.21,13.19,0.0,55.19
2021,28,28.33,14.36,0.0,58.04
2021,29,28.3,12.45,0.0,57.96
2021,30,28.22,13.35,0.0,60.32
2021,31,28.45,13.19,0.0,62.03
2021,32,28.23,13.77,0.0,57.53
2021,33,28.36,13.01,0.0,47.43
2021,34,28.32,11.16,0.0,44.19
2021,35,28.52,11.55,0.0,50.39
2021,36,28.15,12.93,0.0,59.21
2021,37,28.29,11.29,0.0,52.36
2021,38,28.1,12.32,0.0,50.59
2021,39,28.6,11.42,0.0,45.12
2021,40,29.3,10.59,0.0,40.62
2021,41,29.95,11.62,0.0,41.32
2021,42,30.42,12.37,0.0,42.1
2021,43,30.64,14.25,0.0,48.51
2021,44,30.43,14.84,0.0,52.11
2021,45,30.24,15.48,0.0,55.07
2021,46,29.77,15.56,0.0,57.84
2021,47,29.65,14.68,0.0,63.86
2021,48,29.69,15.1,0.02,64.87
2021,49,29.3,16.75,3.38,65.04
2021,50,26.97,16.49,5.37,69.49
2021,51,28.33,14.28,0.0,59.84
2021,52,29.49,16.57,0.0,58.6
2021,53,30.24,16.9,0.0,58.67
2021,54,31.9,17.42,0.0,55.11
2021,55,32.45,15.82,0.0,49.37
2021,56,32.55,15.98,0.0,51.85
2021,57,32.61,17.26,0.0,50.9
2021,58,33.54,17.11,0.0,43.63
2021,59,34.22,16.35,0.0,42.43
2021,60,35.18,17.15,0.0,44.11
2021,61,34.64,17.14,0.0,39.36
2021,62,34.84,16.02,0.0,31.41
2021,63,35.14,15.48,0.0,33.7
2021,64,34.87,15.71,0.0,34.3
2021,65,34.63,18.96,0.0,42.41
2021,66,34.67,18.77,0.0,39.76
2021,67,34.97,17.02,0.0,38.95
2021,68,35.4,17.18,0.0,39.67
2021,69,35.11,20.19,0.0,40.03
2021,70,35.19,18.39,0.0,41.87
2021,71,35.06,18.24,0.0,41.04
2021,72,35.36,18.78,0.0,36.98
2021,73,35.76,19.1,0.0,38.02
2021,74,35.95,19.17,0.0,36.61
2021,75,35.7,19.83,0.0,36.29
2021,76,35.9,19.38,0.0,36.03
2021,77,34.56,21.06,0.0,38.49
2021,78,35.11,19.81,0.0,38.23
2021,79,35.3,19.02,0.02,39.68
2021,80,35.28,20.83,0.07,40.25
2021,81,33.16,21.06,2.57,47.35
2021,82,35.85,20.48,0.09,44.12
2021,83,36.02,23.0,0.02,39.24
2021,84,36.8,20.6,1.25,34.24
2021,85,37.56,19.54,0.0,29.86
2021,86,38.34,19.13,0.0,27.69
2021,87,38.12,19.67,0.0,28.94
2021,88,39.05,20.39,0.0,31.78
2021,89,36.87,19.51,0.0,38.76
2021,90,37.47,17.87,0.0,35.76
2021,91,36.61,18.64,0.0,51.54
2021,92,36.7,17.89,0.0,56.2
2021,93,37.3,18.54,0.0,57.69
2021,94,37.32,19.56,0.0,56.21
2021,95,38.95,20.43,0.0,44.24
2021,96,39.97,21.0,0.0,36.01
2021,97,39.47,21.58,0.0,29.61
2021,98,38.13,20.97,0.0,37.78
2021,99,35.89,22.44,0.11,40.38
2021,100,36.71,23.36,0.09,34.69
2021,101,36.73,22.68,0.83,40.46
2021,102,36.12,22.88,1.28,41.91
2021,103,34.24,25.33,5.59,46.03
2021,104,35.52,22.91,1.88,46.47
2021,105,36.15,22.81,0.5,42.72
2021,106,36.97,20.13,0.5,43.43
2021,107,37.9,19.58,0.0,40.94
2021,108,38.96,20.97,0.0,35.87
2021,109,37.64,21.35,0.0,44.36
2021,110,36.56,19.96,0.0,53.55
2021,111,35.99,20.91,0.0,53.38
2021,112,37.32,19.29,0.0,47.25
2021,113,37.77,19.95,0.0,49.31
2021,114,37.94,20.17,0.0,41.73
2021,115,39.85,21.07,0.0,37.71
2021,116,37.68,22.82,0.17,51.84
2021,117,38.84,22.61,1.87,46.56
2021,118,37.46,23.03,0.41,41.29
2021,119,38.48,21.43,0.17,48.67
2021,120,37.85,23.51,0.57,43.45
2021,121,37.94,24.28,0.11,40.37
2021,122,36.93,22.85,8.41,52.31
2021,123,35.35,23.08,4.82,59.91
2021,124,35.55,23.12,6.01,57.71
2021,125,36.76,23.01,0.55,52.42
2021,126,35.88,23.47,4.15,56.71
2021,127,35.29,22.8,1.91,60.71
2021,128,37.61,23.47,0.93,53.98
2021,129,37.15,23.74,0.56,54.35
2021,130,38.07,22.47,0.0,55.74
2021,131,36.85,21.88,0.0,53.69
2021,132,37.87,21.09,0.0,53.72
2021,133,35.87,23.19,0.01,50.28
2021,134,37.2,23.21,2.77,46.89
2021,135,33.53,25.22,6.15,60.63
2021,136,32.04,23.69,16.4,73.86
2021,137,27.31,23.07,129.13,86.71
2021,138,29.3,23.07,33.84,85.17
2021,139,28.1,22.74,13.78,86.89
2021,140,30.95,21.41,0.39,79.54
2021,141,31.83,21.94,0.9,76.72
2021,142,30.86,22.73,1.88,78.62
2021,143,31.23,21.89,0.98,77.83
2021,144,32.67,22.19,0.72,75.11
2021,145,32.59,22.71,0.12,77.21
2021,146,31.22,22.61,0.05,78.5
2021,147,31.64,21.95,0.05,76.3
2021,148,32.39,23.22,0.07,76.18
2021,149,31.82,23.45,11.49,78.7
2021,150,30.64,22.99,7.43,81.28
2021,151,29.25,23.4,11.8,83.65
2021,152,30.75,22.57,14.68,83.09
2021,153,30.33,23.23,15.72,82.56
2021,154,31.8,23.03,3.52,78.01
2021,155,30.1,22.98,2.32,80.0
2021,156,26.88,22.28,18.19,84.92
2021,157,29.92,21.67,8.48,80.35
2021,158,29.66,21.89,3.48,81.39
2021,159,29.7,21.4,17.34,84.23
2021,160,28.63,23.49,28.8,86.12
2021,161,26.25,22.67,28.5,90.54
2021,162,28.85,22.89,17.24,86.13
2021,163,27.62,24.14,23.48,91.31
2021,164,27.72,23.79,13.55,89.94
2021,165,29.0,22.99,4.07,85.51
2021,166,27.47,23.91,19.56,88.32
2021,167,26.39,23.64,41.31,92.35
2021,168,27.56,23.33,48.01,89.71
2021,169,27.65,23.37,51.5,89.59
2021,170,25.83,23.19,40.03,91.23
2021,171,27.48,22.69,13.86,88.66
2021,172,27.58,22.02,4.93,89.1
2021,173,27.56,21.76,5.14,88.1
2021,174,27.67,21.67,6.1,88.59
2021,175,27.12,21.93,7.22,88.09
2021,176,26.17,21.9,14.09,89.37
2021,177,27.63,21.63,5.47,87.88
2021,178,25.5,21.46,5.82,90.23
2021,179,26.37,21.17,17.92,91.03
2021,180,28.45,22.39,3.35,88.19
2021,181,27.3,22.32,2.96,90.04
2021,182,26.45,22.11,2.13,90.83
2021,183,28.25,21.68,0.5,87.47
2021,184,28.06,21.96,2.46,87.86
2021,185,28.59,21.29,1.24,86.51
2021,186,27.84,21.64,4.86,87.5
2021,187,28.85,21.45,2.6,86.6
2021,188,27.95,22.16,3.64,87.43
2021,189,26.54,22.44,15.74,90.81
2021,190,26.81,21.83,10.22,88.69
2021,191,28.29,21.05,9.34,83.22
2021,192,26.58,21.59,13.35,92.12
2021,193,25.03,22.55,48.58,93.43
2021,194,26.49,22.01,25.79,91.11
2021,195,25.18,21.86,17.09,92.65
2021,196,25.94,23.08,31.23,94.4
2021,197,27.22,22.17,14.18,90.34
2021,198,26.82,22.41,35.86,92.48
2021,199,25.61,23.23,44.84,94.09
2021,200,25.39,22.53,73.76,94.43
2021,201,25.45,22.44,37.97,93.77
2021,202,24.07,22.59,95.24,95.48
2021,203,25.21,22.05,60.77,93.74
2021,204,24.52,22.24,84.96,95.07
2021,205,26.97,22.27,38.04,91.69
2021,206,26.44,22.56,27.81,93.12
2021,207,26.44,22.48,19.62,92.03
2021,208,26.33,21.9,15.18,91.0
2021,209,25.95,21.85,12.1,90.86
2021,210,24.87,21.58,12.8,93.16
2021,211,24.98,21.6,10.8,92.27
2021,212,25.26,21.65,8.7,91.9
2021,213,25.92,21.29,6.13,90.65
2021,214,26.32,21.43,10.87,90.3
2021,215,26.91,21.8,14.36,90.73
2021,216,26.64,21.82,14.0,91.51
2021,217,26.96,21.65,7.33,90.72
2021,218,27.28,21.57,4.59,90.15
2021,219,27.81,21.21,2.57,89.15
2021,220,27.31,20.95,3.69,90.63
2021,221,27.76,21.41,1.7,89.59
2021,222,27.65,21.23,2.89,89.68
2021,223,27.27,21.02,3.84,89.42
2021,224,27.93,21.17,8.22,88.51
2021,225,27.86,21.32,5.89,88.74
2021,226,27.0,21.23,15.5,89.53
2021,227,27.22,21.17,12.77,89.68
2021,228,27.14,21.54,6.96,88.76
2021,229,24.82,20.8,9.96,92.31
2021,230,24.88,19.96,18.35,91.76
2021,231,25.1,20.59,17.24,92.7
2021,232,26.38,20.43,10.78,90.99
2021,233,25.17,20.61,19.3,92.2
2021,234,25.68,19.38,1.25,89.59
2021,235,27.71,19.12,0.24,87.03
2021,236,26.94,20.74,1.75,89.12
2021,237,27.53,20.78,1.55,89.56
2021,238,27.49,20.88,2.63,89.61
2021,239,27.95,20.64,3.16,88.76
2021,240,27.05,20.7,0.61,88.38
2021,241,26.84,20.47,0.63,87.65
2021,242,24.43,20.52,6.72,91.7
2021,243,23.92,20.12,38.89,95.38
2021,244,27.16,21.14,7.26,91.23
2021,245,25.04,20.76,4.8,93.14
2021,246,26.63,20.94,10.01,91.22
2021,247,27.4,20.8,12.94,90.75
2021,248,26.24,21.52,13.73,91.43
2021,249,25.56,21.04,14.16,93.26
2021,250,25.46,21.42,32.97,95.61
2021,251,24.82,22.14,23.7,96.01
2021,252,26.45,21.54,13.57,92.18
2021,253,26.59,21.97,14.38,91.86
2021,254,26.48,22.25,24.42,92.4
2021,255,26.01,22.77,36.74,93.82
2021,256,26.0,22.94,30.35,94.14
2021,257,25.91,21.94,12.28,92.66
2021,258,26.05,21.44,3.07,92.05
2021,259,26.48,21.14,0.64,91.65
2021,260,25.93,20.7,0.48,91.2
2021,261,27.09,20.11,1.53,90.5
2021,262,27.27,20.6,8.82,90.69
2021,263,26.94,21.26,9.98,91.48
2021,264,26.12,21.78,26.26,93.03
2021,265,26.69,21.51,18.93,91.97
2021,266,27.22,21.06,7.11,90.99
2021,267,26.75,20.25,1.24,90.05
2021,268,26.62,20.58,2.27,90.52
2021,269,26.49,20.7,2.03,90.29
2021,270,25.4,21.13,7.89,91.97
2021,271,23.89,20.72,34.57,93.96
2021,272,25.82,20.71,9.52,91.77
2021,273,27.49,21.19,4.46,90.66
2021,274,28.79,20.73,8.01,88.16
2021,275,27.64,22.44,3.05,89.23
2021,276,28.82,21.08,4.76,88.82
2021,277,28.94,21.97,9.89,88.67
2021,278,28.98,22.28,4.65,88.84
2021,279,27.56,21.09,11.38,87.2
2021,280,29.63,21.64,1.26,85.83
2021,281,25.55,22.66,3.85,94.37
2021,282,27.43,21.92,20.82,91.93
2021,283,27.41,21.63,5.75,89.16
2021,284,28.3,21.42,2.77,87.41
2021,285,28.84,20.82,4.47,84.95
2021,286,28.66,19.62,0.09,82.8
2021,287,28.05,18.96,0.13,80.93
2021,288,29.06,20.0,0.0,82.31
2021,289,28.77,18.47,0.0,79.96
2021,290,28.39,20.78,0.1,86.07
2021,291,26.91,19.61,0.15,88.52
2021,292,26.71,18.08,0.06,86.47
2021,293,28.28,17.52,0.0,82.97
2021,294,28.69,16.41,0.0,76.11
2021,295,28.12,16.51,0.0,77.97
2021,296,27.96,16.04,0.0,80.45
2021,297,27.17,15.83,0.0,84.57
2021,298,27.45,15.95,0.0,81.92
2021,299,26.9,15.13,0.0,78.52
2021,300,26.93,15.49,0.0,76.06
2021,301,26.52,15.86,0.0,80.51
2021,302,27.69,15.92,0.0,80.16
2021,303,28.17,16.12,0.0,78.82
2021,304,28.01,17.05,0.0,79.81
2021,305,28.47,16.9,0.0,81.15
2021,306,27.28,16.63,0.0,81.39
2021,307,26.89,18.06,0.0,84.58
2021,308,28.15,19.36,0.51,84.31
2021,309,25.99,20.49,4.59,89.55
2021,310,26.16,19.43,3.52,86.12
2021,311,26.23,18.91,2.19,85.47
2021,312,26.52,16.34,0.0,76.36
2021,313,26.27,14.52,0.0,73.52
2021,314,26.45,13.57,0.0,71.22
2021,315,25.66,13.85,0.0,72.89
2021,316,27.68,14.54,0.0,74.25
2021,317,28.81,19.08,0.0,85.05
2021,318,28.73,19.79,0.3,85.5
2021,319,28.67,21.08,0.22,86.44
2021,320,27.59,21.47,5.17,88.75
2021,321,26.94,21.74,4.26,90.26
2021,322,28.52,20.7,5.01,82.79
2021,323,28.12,20.04,0.87,84.5
2021,324,28.01,20.38,0.97,87.45
2021,325,28.92,20.81,11.45,84.75
2021,326,28.23,21.36,2.88,88.45
2021,327,28.64,21.38,0.02,87.95
2021,328,28.91,20.43,0.0,83.75
2021,329,27.06,18.61,0.0,80.88
2021,330,27.41,16.5,0.0,79.39
2021,331,27.18,15.17,0.0,75.33
2021,332,25.22,15.11,0.0,76.04
2021,333,26.03,14.49,0.0,76.57
2021,334,22.55,17.95,0.31,89.11
2021,335,20.71,17.32,64.48,92.73
2021,336,23.82,15.4,14.04,89.65
2021,337,26.61,17.21,0.47,88.62
2021,338,26.02,17.45,0.61,86.85
2021,339,25.62,15.36,0.02,84.18
2021,340,25.64,13.66,0.0,81.61
2021,341,26.14,14.75,0.0,79.68
2021,342,25.91,15.29,0.0,77.73
2021,343,26.37,14.85,0.0,79.12
2021,344,26.23,16.42,0.0,83.48
2021,345,26.13,16.34,0.0,82.85
2021,346,26.01,15.98,0.0,79.53
2021,347,24.9,15.52,0.0,81.74
2021,348,25.15,15.04,0.0,83.1
2021,349,25.07,15.38,0.0,83.51
2021,350,25.07,15.3,0.0,82.99
2021,351,24.97,15.54,0.0,79.19
2021,352,25.55,13.73,0.0,75.17
2021,353,24.48,12.57,0.0,74.78
2021,354,24.64,11.2,0.0,68.51
2021,355,25.33,10.61,0.0,68.48
2021,356,26.19,11.39,0.0,69.24
2021,357,26.61,11.93,0.0,72.03
2021,358,25.63,13.6,0.0,73.32
2021,359,26.35,12.37,0.0,70.95
2021,360,26.78,11.48,0.0,71.24
2021,361,26.83,12.28,0.0,64.69
2021,362,26.35,13.63,0.01,70.94
2021,363,25.16,11.6,0.0,71.43
2021,364,24.92,12.89,0.0,80.1
2021,365,25.83,14.35,0.0,78.23
2022,1,26.38,15.3,0.0,77.45
2022,2,26.31,14.78,0.0,78.85
2022,3,26.29,15.59,0.0,76.19
2022,4,26.69,14.85,0.0,71.59
2022,5,26.5,13.56,0.0,72.63
2022,6,26.42,14.32,0.0,76.88
2022,7,26.05,14.39,0.0,82.67
2022,8,25.01,15.04,0.51,84.99
2022,9,23.84,13.15,0.61,85.3
2022,10,24.93,10.95,0.0,75.33
2022,11,22.48,10.98,0.0,72.43
2022,12,23.81,8.65,0.0,81.69
2022,13,23.52,10.06,0.0,82.45
2022,14,24.12,11.67,0.0,82.16
2022,15,25.48,13.24,0.0,77.19
2022,16,26.48,13.27,0.0,77.01
2022,17,26.05,15.48,0.0,75.15
2022,18,27.4,14.54,0.0,71.4
2022,19,27.26,12.86,0.0,66.29
2022,20,27.31,14.23,0.0,61.32
2022,21,26.33,14.33,0.0,67.07
2022,22,24.79,13.87,0.05,85.35
2022,23,21.72,10.35,0.1,82.07
2022,24,21.25,6.96,0.0,68.24
2022,25,23.21,5.96,0.0,56.48
2022,26,24.91,7.71,0.0,56.84
2022,27,25.52,8.74,0.0,59.43
2022,28,26.18,9.96,0.0,57.7
2022,29,26.62,9.98,0.0,46.74
2022,30,27.69,10.4,0.0,48.46
2022,31,28.38,11.84,0.0,51.48
2022,32,28.92,11.29,0.0,52.33
2022,33,29.76,12.16,0.0,54.26
2022,34,26.36,12.47,0.0,69.39
2022,35,25.08,13.36,0.0,73.53
2022,36,27.43,9.47,0.0,56.67
2022,37,29.34,9.86,0.0,54.0
2022,38,28.05,12.93,0.0,70.15
2022,39,28.03,12.85,0.0,76.46
2022,40,27.36,13.01,0.0,73.9
2022,41,28.29,10.99,0.0,59.5
2022,42,29.17,13.1,0.0,51.47
2022,43,29.31,12.88,0.0,50.66
2022,44,29.29,13.1,0.0,55.26
2022,45,29.25,12.83,0.0,58.65
2022,46,28.4,12.42,0.0,64.95
2022,47,26.57,11.92,0.0,66.68
2022,48,27.99,12.79,0.0,59.9
2022,49,29.35,13.72,0.0,58.94
2022,50,31.02,13.84,0.0,63.29
2022,51,31.04,15.01,0.0,52.69
2022,52,32.03,14.86,0.0,43.39
2022,53,33.5,14.55,0.0,43.17
2022,54,33.55,14.29,0.0,48.61
2022,55,32.9,16.6,0.0,49.2
2022,56,32.93,17.06,0.0,48.31
2022,57,32.92,17.81,0.0,47.03
2022,58,32.6,15.11,0.0,46.4
2022,59,32.54,14.79,0.0,40.48
2022,60,32.89,15.29,0.0,39.71
2022,61,33.73,16.27,0.0,40.82
2022,62,33.55,16.55,0.0,40.68
2022,63,33.64,17.09,0.0,39.47
2022,64,33.89,17.12,0.0,39.91
2022,65,34.03,18.53,0.0,43.95
2022,66,33.2,19.89,0.06,46.33
2022,67,33.4,19.62,0.08,47.05
2022,68,34.51,21.13,0.04,44.53
2022,69,32.61,19.79,0.01,42.44
2022,70,33.94,20.28,0.68,45.46
2022,71,33.88,19.83,0.08,47.34
2022,72,35.0,18.33,0.0,37.46
2022,73,35.92,17.61,0.0,27.11
2022,74,36.95,17.24,0.0,32.59
2022,75,37.9,18.45,0.0,31.02
2022,76,38.38,18.87,0.0,31.26
2022,77,38.48,21.33,0.0,31.03
2022,78,37.83,20.79,0.0,40.12
2022,79,36.4,18.99,0.0,45.84
2022,80,36.43,18.44,0.0,46.31
2022,81,37.72,19.26,0.0,33.38
2022,82,37.96,19.81,0.01,34.59
2022,83,37.11,19.84,0.04,40.61
2022,84,37.32,20.11,0.04,47.32
2022,85,37.94,20.35,0.0,48.13
2022,86,39.15,19.58,0.0,48.61
2022,87,39.32,19.81,0.0,48.76
2022,88,39.47,20.05,0.0,38.44
2022,89,38.98,21.59,0.0,30.23
2022,90,38.21,20.78,0.0,31.33
2022,91,39.11,19.24,0.0,25.37
2022,92,39.59,21.28,0.0,28.08
2022,93,40.02,18.85,0.0,35.11
2022,94,39.94,20.72,0.0,33.39
2022,95,40.4,20.45,0.01,46.19
2022,96,40.32,20.52,0.04,49.51
2022,97,40.42,21.83,0.0,36.11
2022,98,39.96,22.51,0.39,29.15
2022,99,37.51,22.58,0.28,45.47
2022,100,36.41,21.28,0.01,53.5
2022,101,38.91,21.52,0.01,39.75
2022,102,39.43,22.91,0.0,35.42
2022,103,38.42,24.34,0.0,29.76
2022,104,36.06,23.71,0.0,35.85
2022,105,36.38,21.77,0.0,54.16
2022,106,38.33,19.85,0.0,48.85
2022,107,39.28,19.55,0.02,50.19
2022,108,39.1,20.69,0.0,50.57
2022,109,35.52,20.7,0.0,52.42
2022,110,37.64,21.38,0.0,49.36
2022,111,38.81,24.01,0.0,30.29
2022,112,39.56,24.61,6.3,33.74
2022,113,35.77,23.57,1.61,55.03
2022,114,36.06,23.18,0.11,49.0
2022,115,38.91,21.52,0.0,45.56
2022,116,39.02,22.57,0.85,37.55
2022,117,40.72,23.57,0.0,29.37
2022,118,41.0,24.5,0.0,29.64
2022,119,39.44,23.37,0.01,42.85
2022,120,39.25,22.67,0.0,40.44
2022,121,38.08,21.09,0.0,55.03
2022,122,36.22,21.29,0.0,58.85
2022,123,33.49,22.19,0.0,63.76
2022,124,38.48,21.91,0.0,54.02
2022,125,38.81,21.71,0.0,52.77
2022,126,39.3,21.39,0.0,53.92
2022,127,38.87,22.91,0.0,54.97
2022,128,40.74,22.5,0.0,50.11
2022,129,39.19,23.41,0.0,52.46
2022,130,37.15,23.25,0.0,61.8
2022,131,38.77,23.32,0.0,63.19
2022,132,37.13,24.11,0.01,63.7
2022,133,35.53,23.75,0.0,61.62
2022,134,37.3,23.6,0.01,60.54
2022,135,37.1,23.37,0.0,60.77
2022,136,39.3,23.61,0.01,58.59
2022,137,37.22,23.82,0.02,60.73
2022,138,35.22,23.91,0.0,61.1
2022,139,35.86,24.12,2.31,59.91
2022,140,32.84,23.27,0.98,65.63
2022,141,33.7,22.67,0.07,68.54
2022,142,33.72,22.71,0.06,69.67
2022,143,33.87,23.32,0.95,71.1
2022,144,34.89,23.71,0.64,68.23
2022,145,35.71,22.83,0.11,63.19
2022,146,35.56,21.5,0.0,60.37
2022,147,34.98,22.62,0.0,60.43
2022,148,35.06,22.68,0.0,60.28
2022,149,34.52,23.12,0.0,61.35
2022,150,35.85,22.36,0.0,62.37
2022,151,36.03,22.81,2.17,62.01
2022,152,35.04,22.41,2.79,63.34
2022,153,35.43,23.37,0.04,60.0
2022,154,36.24,23.17,0.02,60.4
2022,155,35.59,22.88,0.01,59.74
2022,156,37.14,23.11,2.12,60.68
2022,157,34.13,22.65,2.65,64.64
2022,158,33.69,23.35,0.1,64.67
2022,159,33.86,23.41,0.14,67.58
2022,160,33.88,23.52,1.32,68.82
2022,161,32.99,23.63,9.37,74.06
2022,162,29.5,22.58,13.7,82.24
2022,163,30.74,22.33,3.16,76.54
2022,164,32.24,21.61,0.92,72.12
2022,165,33.27,22.5,0.26,67.12
2022,166,31.9,22.74,1.78,74.37
2022,167,31.13,23.17,5.65,77.15
2022,168,30.67,22.75,3.68,77.13
2022,169,31.32,21.33,3.03,74.4
2022,170,30.06,22.98,16.32,81.28
2022,171,29.87,23.09,9.69,81.61
2022,172,28.9,23.08,6.85,83.45
2022,173,28.76,22.9,11.24,83.31
2022,174,30.37,21.58,13.46,78.95
2022,175,28.31,22.0,11.14,86.16
2022,176,26.53,22.0,9.82,91.41
2022,177,27.98,22.22,15.06,88.86
2022,178,27.62,22.19,13.7,86.25
2022,179,28.4,22.6,9.09,84.11
2022,180,28.75,22.78,20.41,86.89
2022,181,26.23,22.5,28.71,87.92
2022,182,27.38,22.36,33.1,88.76
2022,183,27.78,22.68,17.97,86.91
2022,184,28.43,22.84,13.19,86.08
2022,185,25.62,23.14,41.88,91.92
2022,186,25.53,22.45,61.67,92.13
2022,187,27.03,22.37,55.4,90.07
2022,188,25.41,22.22,36.87,91.74
2022,189,24.81,22.32,48.67,93.76
2022,190,25.49,22.47,33.7,92.05
2022,191,23.82,22.42,41.09,94.61
2022,192,24.1,21.95,63.9,94.98
2022,193,23.74,21.96,60.15,94.79
2022,194,23.85,21.7,78.23,95.44
2022,195,23.27,21.99,81.98,95.35
2022,196,24.1,21.77,31.37,93.61
2022,197,26.16,21.78,27.59,92.63
2022,198,26.82,22.09,14.72,91.97
2022,199,24.26,21.68,14.52,94.22
2022,200,26.48,21.65,14.54,91.77
2022,201,26.7,21.49,9.52,91.13
2022,202,26.19,21.43,8.5,91.88
2022,203,25.57,21.46,6.07,92.02
2022,204,25.95,21.59,17.64,92.97
2022,205,25.61,21.87,16.73,91.95
2022,206,26.26,21.31,11.58,91.24
2022,207,26.94,20.96,4.9,90.46
2022,208,27.84,21.02,12.17,88.82
2022,209,27.0,21.47,19.51,89.59
2022,210,27.78,22.11,4.42,90.32
2022,211,27.02,22.01,3.3,91.48
2022,212,27.26,21.49,2.73,90.45
2022,213,27.53,21.19,0.98,89.45
2022,214,27.05,21.47,3.5,91.08
2022,215,26.9,21.64,13.01,92.64
2022,216,26.79,21.79,14.99,91.75
2022,217,27.37,21.69,13.22,91.69
2022,218,26.48,21.74,19.67,90.57
2022,219,25.28,21.79,36.61,95.03
2022,220,24.29,22.09,51.92,96.02
2022,221,24.83,21.45,55.66,94.63
2022,222,25.05,21.84,37.21,94.3
2022,223,24.71,21.93,34.88,94.26
2022,224,25.07,21.72,21.6,92.71
2022,225,25.28,21.57,18.25,92.51
2022,226,25.67,21.02,12.84,92.13
2022,227,23.3,20.66,26.02,95.25
2022,228,23.56,20.99,22.92,94.39
2022,229,25.14,21.4,16.4,92.92
2022,230,25.77,21.05,10.63,92.44
2022,231,26.45,20.99,10.11,92.09
2022,232,26.41,21.43,9.55,91.83
2022,233,25.51,21.24,7.61,92.69
2022,234,25.68,21.35,13.38,92.36
2022,235,26.66,21.72,14.47,91.77
2022,236,26.38,21.16,9.03,90.85
2022,237,26.77,20.95,4.66,91.21
2022,238,26.68,20.03,1.34,90.24
2022,239,26.23,20.12,0.24,89.45
2022,240,26.66,20.03,0.4,89.33
2022,241,27.52,20.34,0.34,86.7
2022,242,28.92,20.55,5.07,88.22
2022,243,28.75,22.04,15.17,90.63
2022,244,27.03,22.56,6.36,92.36
2022,245,29.03,21.25,2.08,86.22
2022,246,29.62,21.06,5.38,87.24
2022,247,27.25,21.74,5.58,91.02
2022,248,26.87,21.87,5.57,91.41
2022,249,27.61,21.24,10.69,88.84
2022,250,28.08,21.39,13.17,90.37
2022,251,27.37,22.14,47.46,88.74
2022,252,27.57,21.99,9.34,90.0
2022,253,27.98,21.68,7.54,89.5
2022,254,27.92,22.13,23.9,91.92
2022,255,25.03,21.92,27.18,95.46
2022,256,26.15,22.08,23.45,93.25
2022,257,25.89,21.8,19.98,92.98
2022,258,26.07,22.03,32.29,93.5
2022,259,24.38,22.07,39.53,95.59
2022,260,26.56,21.49,21.65,92.53
2022,261,26.2,20.11,18.1,91.79
2022,262,25.4,19.35,7.98,91.04
2022,263,24.63,19.44,6.85,92.8
2022,264,24.01,19.82,2.54,93.48
2022,265,24.02,19.28,2.35,92.71
2022,266,24.38,19.09,5.64,92.98
2022,267,25.95,19.46,3.51,91.28
2022,268,27.09,19.64,4.31,90.65
2022,269,24.81,19.54,3.64,92.15
2022,270,27.52,20.12,1.35,90.26
2022,271,26.23,20.12,1.49,92.09
2022,272,26.6,20.78,9.11,91.9
2022,273,28.06,20.37,15.29,89.48
2022,274,27.23,21.33,9.24,91.2
2022,275,26.65,20.17,5.55,90.24
2022,276,26.87,19.73,0.57,89.59
2022,277,28.04,19.32,1.83,88.07
2022,278,26.79,20.77,1.75,89.67
2022,279,24.32,19.04,9.27,90.21
2022,280,25.3,21.18,30.66,94.12
2022,281,25.93,20.72,8.37,92.5
2022,282,28.05,19.34,0.21,86.81
2022,283,28.33,20.69,3.17,89.62
2022,284,27.45,21.52,12.95,90.91
2022,285,25.38,21.96,13.42,95.15
2022,286,26.21,20.2,7.38,90.07
2022,287,26.75,20.51,34.28,91.15
2022,288,27.28,19.9,4.76,87.66
2022,289,28.0,17.1,0.91,85.38
2022,290,27.68,21.49,24.58,89.94
2022,291,25.09,20.82,24.22,94.15
2022,292,28.03,20.02,4.18,88.64
2022,293,27.76,20.69,4.27,88.15
2022,294,26.57,21.29,12.67,91.54
2022,295,25.16,17.56,0.11,85.48
2022,296,25.09,15.32,0.0,78.91
2022,297,25.83,14.48,0.0,72.74
2022,298,26.29,15.19,0.0,69.13
2022,299,26.09,13.76,0.0,76.26
2022,300,25.76,14.34,0.0,77.22
2022,301,25.12,14.55,0.0,76.26
2022,302,25.47,13.09,0.0,75.13
2022,303,26.05,14.05,0.0,79.4
2022,304,25.97,14.51,0.0,81.59
2022,305,25.34,14.61,0.0,80.96
2022,306,27.12,14.71,0.0,81.07
2022,307,26.3,14.76,0.0,77.89
2022,308,26.69,13.85,0.0,76.32
2022,309,27.23,14.69,0.0,73.19
2022,310,27.21,14.2,0.0,70.24
2022,311,26.66,15.24,0.0,71.17
2022,312,27.12,15.85,0.0,75.39
2022,313,27.1,15.55,0.0,78.23
2022,314,25.83,14.53,0.0,79.63
2022,315,25.81,13.82,0.0,80.85
2022,316,26.16,15.47,0.0,83.8
2022,317,26.17,15.17,0.0,80.57
2022,318,27.34,14.92,0.0,81.42
2022,319,26.74,15.82,0.0,79.07
2022,320,25.33,13.83,0.0,78.71
2022,321,25.1,12.62,0.0,78.63
2022,322,24.67,12.64,0.0,78.57
2022,323,24.32,13.05,0.0,77.6
2022,324,23.25,10.67,0.0,74.98
2022,325,24.42,10.4,0.0,71.88
2022,326,25.86,12.67,0.0,77.79
2022,327,26.76,16.8,0.0,82.06
2022,328,27.72,15.81,0.0,80.64
2022,329,27.32,16.91,0.11,84.25
2022,330,27.67,17.42,0.07,83.86
2022,331,27.0,16.18,0.0,82.03
2022,332,27.79,16.4,0.0,79.48
2022,333,27.63,14.31,0.0,75.11
2022,334,25.87,14.95,0.0,76.38
2022,335,25.84,13.44,0.0,70.97
2022,336,26.9,12.74,0.0,70.78
2022,337,27.21,15.3,0.0,77.6
2022,338,27.11,18.24,0.0,82.96
2022,339,26.8,18.59,0.0,82.99
2022,340,26.59,16.14,0.0,77.83
2022,341,26.32,15.28,0.0,81.28
2022,342,25.02,12.97,0.0,76.08
2022,343,24.39,10.15,0.0,66.33
2022,344,26.5,11.86,0.0,71.23
2022,345,27.58,16.15,0.1,81.03
2022,346,26.96,18.39,0.02,85.37
2022,347,26.85,18.47,0.01,85.57
2022,348,27.19,18.44,0.51,84.31
2022,349,27.61,18.81,0.12,83.51
2022,350,28.21,19.01,0.01,80.57
2022,351,28.28,18.25,0.0,79.88
2022,352,27.53,17.32,0.0,78.64
2022,353,26.68,14.63,0.0,71.14
2022,354,27.41,13.29,0.0,66.45
2022,355,27.76,13.86,0.0,67.87
2022,356,27.63,13.8,0.0,66.06
2022,357,27.89,13.62,0.0,70.07
2022,358,27.51,13.85,0.0,62.81
2022,359,27.25,12.01,0.0,66.0
2022,360,27.73,12.29,0.0,74.78
2022,361,27.89,15.25,0.0,79.39
2022,362,28.62,15.26,0.0,69.39
2022,363,27.85,13.99,0.0,66.87
2022,364,27.65,13.8,0.0,63.87
2022,365,27.48,12.78,0.0,65.49
2023,1,27.07,11.18,0.0,64.42
2023,2,27.64,12.13,0.0,65.4
2023,3,27.21,12.08,0.0,66.97
2023,4,26.52,12.42,0.0,67.0
2023,5,26.93,14.51,0.0,76.19
2023,6,26.28,16.33,0.0,79.36
2023,7,26.4,15.41,0.0,77.07
2023,8,25.91,13.06,0.0,68.71
2023,9,26.1,10.52,0.0,54.17
2023,10,26.82,9.93,0.0,50.62
2023,11,27.58,10.45,0.0,52.59
2023,12,26.85,12.33,0.0,49.16
2023,13,25.38,9.58,0.0,68.05
2023,14,26.33,8.87,0.0,67.07
2023,15,27.58,9.78,0.0,62.33
2023,16,26.92,12.85,0.0,58.05
2023,17,27.88,11.73,0.0,57.32
2023,18,28.42,11.64,0.0,54.3
2023,19,28.65,11.61,0.0,56.03
2023,20,28.09,14.59,0.0,58.38
2023,21,27.67,11.92,0.0,67.36
2023,22,27.32,12.52,0.0,67.64
2023,23,27.32,12.4,0.0,63.98
2023,24,25.63,11.95,0.01,67.42
2023,25,26.37,12.15,0.06,69.26
2023,26,27.63,14.39,0.02,73.66
2023,27,29.52,16.73,0.0,63.71
2023,28,29.81,13.62,0.0,55.1
2023,29,28.17,15.34,0.0,75.7
2023,30,28.44,15.6,0.0,75.73
2023,31,28.91,14.75,0.0,64.69
2023,32,28.25,15.14,0.0,63.99
2023,33,28.85,14.86,0.0,59.23
2023,34,28.91,12.75,0.0,43.51
2023,35,30.18,11.99,0.0,42.78
2023,36,30.81,12.57,0.0,45.52
2023,37,30.32,14.89,0.0,42.14
2023,38,30.43,11.45,0.0,44.98
2023,39,32.07,12.79,0.0,41.86
2023,40,32.76,13.46,0.0,39.14
2023,41,32.52,13.72,0.0,37.87
2023,42,32.99,13.75,0.0,35.84
2023,43,33.07,13.59,0.0,35.5
2023,44,32.9,14.72,0.0,31.4
2023,45,33.34,13.5,0.0,27.88
2023,46,33.5,12.85,0.0,28.23
2023,47,34.43,13.86,0.0,28.85
2023,48,34.39,14.32,0.0,29.87
2023,49,33.99,14.47,0.0,29.51
2023,50,34.61,14.16,0.0,29.76
2023,51,34.0,14.31,0.0,31.7
2023,52,34.57,16.37,0.0,31.44
2023,53,34.64,14.56,0.0,34.06
2023,54,34.54,14.69,0.0,30.43
2023,55,34.58,14.07,0.0,26.83
2023,56,34.19,14.01,0.0,29.55
2023,57,34.2,14.83,0.0,30.25
2023,58,34.5,14.46,0.0,29.1
2023,59,33.59,15.62,0.0,33.61
2023,60,33.63,16.17,0.0,34.46
2023,61,33.94,16.91,0.0,34.85
2023,62,34.31,17.36,0.0,35.2
2023,63,34.42,19.25,0.0,37.73
2023,64,33.91,19.45,0.0,39.73
2023,65,34.03,18.68,0.21,39.31
2023,66,32.42,18.98,1.35,40.3
2023,67,33.47,18.17,0.03,37.95
2023,68,33.43,18.92,0.0,38.43
2023,69,33.63,17.22,0.0,35.85
2023,70,34.38,18.17,0.0,36.2
2023,71,34.68,19.74,0.0,35.34
2023,72,34.15,19.63,0.0,35.48
2023,73,33.85,20.66,0.0,37.07
2023,74,33.61,20.53,0.67,41.05
2023,75,31.53,18.84,2.29,51.48
2023,76,30.75,17.94,1.09,59.47
2023,77,31.25,17.87,0.35,55.44
2023,78,30.82,17.42,0.36,58.48
2023,79,30.12,15.96,0.76,64.67
2023,80,28.5,16.81,4.72,70.36
2023,81,31.25,16.27,0.01,63.48
2023,82,30.65,14.99,0.0,64.02
2023,83,33.21,16.45,0.0,61.25
2023,84,33.6,14.53,0.0,51.5
2023,85,33.26,14.42,0.0,48.55
2023,86,34.07,15.05,0.0,59.53
2023,87,34.58,15.71,0.0,57.19
2023,88,36.2,15.7,0.0,55.21
2023,89,33.75,16.02,0.0,60.25
2023,90,31.69,17.62,0.0,62.97
2023,91,34.37,16.14,0.0,46.02
2023,92,34.57,16.9,0.0,58.9
2023,93,35.41,16.24,0.0,56.37
2023,94,36.49,17.05,0.0,52.79
2023,95,37.84,18.95,0.0,42.46
2023,96,36.77,19.63,0.57,40.75
2023,97,35.34,22.55,1.34,38.98
2023,98,34.46,22.93,0.57,45.43
2023,99,35.92,22.25,2.07,48.68
2023,100,38.09,21.89,0.05,40.98
2023,101,38.45,21.82,0.01,38.64
2023,102,37.57,24.62,0.51,37.54
2023,103,35.71,26.06,0.03,35.98
2023,104,34.03,24.14,8.04,50.13
2023,105,35.15,21.32,0.85,52.14
2023,106,37.21,23.02,2.29,47.4
2023,107,37.17,22.63,0.0,42.42
2023,108,39.33,22.89,0.0,35.19
2023,109,39.83,23.24,0.01,32.41
2023,110,38.29,22.17,1.48,38.63
2023,111,37.24,19.71,0.29,44.96
2023,112,35.15,18.37,0.0,54.58
2023,113,36.33,18.46,0.0,54.39
2023,114,36.95,20.91,0.0,37.74
2023,115,38.28,21.48,0.0,30.2
2023,116,33.97,20.5,0.01,57.62
2023,117,36.05,20.38,0.18,54.1
2023,118,35.52,22.15,0.45,54.63
2023,119,34.55,20.79,2.55,57.0
2023,120,34.77,19.17,0.02,53.83
2023,121,34.82,19.63,0.01,50.56
2023,122,34.99,17.79,0.55,54.56
2023,123,34.67,20.68,0.58,61.26
2023,124,35.14,19.72,0.71,57.14
2023,125,35.71,20.98,0.01,55.5
2023,126,35.43,22.14,0.03,56.33
2023,127,34.38,22.77,1.9,62.64
2023,128,34.26,23.04,2.77,60.72
2023,129,35.5,23.38,3.08,61.47
2023,130,39.08,22.46,0.4,50.21
2023,131,40.32,23.08,0.0,41.03
2023,132,39.34,21.9,0.0,51.75
2023,133,38.61,22.63,0.0,53.63
2023,134,37.2,22.85,0.0,55.19
2023,135,36.12,22.1,0.0,59.39
2023,136,35.52,22.37,0.0,62.79
2023,137,38.0,22.12,0.0,56.33
2023,138,38.73,21.78,0.0,51.44
2023,139,38.86,22.06,0.0,48.77
2023,140,37.71,22.2,0.0,55.34
2023,141,38.52,22.75,0.01,55.83
2023,142,39.15,22.27,0.16,50.45
2023,143,39.77,21.91,0.0,45.39
2023,144,37.44,22.45,0.0,50.19
2023,145,36.29,22.21,0.11,57.16
2023,146,34.79,22.85,2.27,62.18
2023,147,35.46,22.1,0.02,60.52
2023,148,37.02,22.84,0.07,58.93
2023,149,39.42,22.52,2.03,55.51
2023,150,37.51,22.72,2.74,54.23
2023,151,37.92,23.16,0.34,52.77
2023,152,37.72,22.58,0.87,53.39
2023,153,35.2,22.86,2.21,61.51
2023,154,33.7,22.6,0.14,67.17
2023,155,32.72,23.26,3.36,71.49
2023,156,32.64,23.1,4.27,71.16
2023,157,35.6,22.47,0.02,66.89
2023,158,35.61,23.24,0.03,63.66
2023,159,35.54,23.62,1.46,65.23
2023,160,33.12,23.78,3.38,71.77
2023,161,32.83,24.08,2.2,72.54
2023,162,33.46,23.82,0.23,66.91
2023,163,33.36,23.36,2.47,66.93
2023,164,32.79,22.9,1.69,70.79
2023,165,32.26,23.03,6.14,73.39
2023,166,32.46,23.12,1.66,74.77
2023,167,32.65,23.54,1.37,74.93
2023,168,32.31,23.89,1.11,76.03
2023,169,32.5,23.51,0.37,74.77
2023,170,32.73,23.52,0.08,73.77
2023,171,33.43,23.54,0.08,72.79
2023,172,31.21,23.79,0.22,74.03
2023,173,32.82,23.58,0.9,71.15
2023,174,32.77,23.08,1.42,72.15
2023,175,29.34,22.66,39.91,82.1
2023,176,28.04,22.21,33.15,83.48
2023,177,26.6,21.64,46.52,87.72
2023,178,25.21,20.98,38.73,89.01
2023,179,26.37,21.46,26.72,89.34
2023,180,26.62,21.51,16.77,84.87
2023,181,26.32,21.49,64.8,90.17
2023,182,26.27,22.18,24.84,89.49
2023,183,28.18,22.82,19.11,88.04
2023,184,27.85,23.41,27.65,90.18
2023,185,27.69,23.17,20.32,90.8
2023,186,28.22,22.46,10.79,89.44
2023,187,25.87,22.22,30.37,91.56
2023,188,27.27,23.25,38.2,90.99
2023,189,27.22,22.47,17.81,88.16
2023,190,27.44,22.24,8.16,88.9
2023,191,27.7,22.08,4.56,87.83
2023,192,27.78,21.67,3.32,87.6
2023,193,26.52,21.83,4.58,88.52
2023,194,25.98,21.29,12.12,87.7
2023,195,27.16,22.41,16.84,87.95
2023,196,27.36,22.17,9.22,88.38
2023,197,26.35,22.83,15.26,91.65
2023,198,26.12,22.82,31.63,90.93
2023,199,26.49,22.82,82.44,92.17
2023,200,25.3,22.16,94.4,93.23
2023,201,24.91,21.26,45.73,94.27
2023,202,24.55,20.67,42.9,93.97
2023,203,24.65,21.73,40.17,94.9
2023,204,25.77,21.77,38.31,93.18
2023,205,26.2,22.57,47.54,93.14
2023,206,24.44,22.62,44.66,95.26
2023,207,24.81,22.25,64.93,95.31
2023,208,24.34,22.34,58.67,95.41
2023,209,26.05,21.99,34.73,92.99
2023,210,25.91,21.59,18.67,92.5
2023,211,26.18,22.1,15.89,92.6
2023,212,26.14,22.62,17.48,92.84
2023,213,26.2,22.38,16.68,92.73
2023,214,25.21,21.59,6.12,93.6
2023,215,25.83,21.56,5.94,92.0
2023,216,26.63,21.63,11.05,91.3
2023,217,25.72,21.55,7.09,91.76
2023,218,26.66,21.49,5.75,90.64
2023,219,26.33,21.51,3.11,90.78
2023,220,26.38,21.6,3.51,90.47
2023,221,26.36,21.64,4.99,91.19
2023,222,26.87,21.25,5.51,91.09
2023,223,27.47,20.64,3.03,89.71
2023,224,26.89,20.6,4.51,89.82
2023,225,25.44,21.09,6.16,91.33
2023,226,26.28,21.09,2.77,89.89
2023,227,26.46,20.95,2.98,89.34
2023,228,27.05,20.73,3.69,89.38
2023,229,27.13,20.64,4.11,89.4
2023,230,26.22,21.12,3.4,90.83
2023,231,26.91,21.39,8.48,90.65
2023,232,26.51,21.24,8.48,89.97
2023,233,27.02,20.51,3.92,89.41
2023,234,26.92,20.28,6.1,89.84
2023,235,26.13,20.9,3.85,90.59
2023,236,26.98,20.96,9.84,89.63
2023,237,27.36,21.65,14.53,90.66
2023,238,27.1,21.88,13.71,90.42
2023,239,27.74,21.64,12.2,89.33
2023,240,27.07,21.35,9.05,90.3
2023,241,27.51,20.63,1.65,89.27
2023,242,27.94,20.2,0.18,87.57
2023,243,28.79,20.59,1.37,86.84
2023,244,29.85,21.25,12.8,86.79
2023,245,26.55,21.78,17.73,92.04
2023,246,27.31,21.12,3.86,90.05
2023,247,27.35,20.91,2.43,89.37
2023,248,27.48,19.41,0.35,88.51
2023,249,27.39,20.26,3.73,89.93
2023,250,24.36,21.69,38.47,93.73
2023,251,24.6,22.15,46.07,95.5
2023,252,26.88,22.75,16.04,92.45
2023,253,27.16,22.28,7.67,90.93
2023,254,27.93,21.71,4.07,90.36
2023,255,27.06,20.66,1.52,90.58
2023,256,26.54,20.63,3.62,90.94
2023,257,26.65,20.41,3.62,90.16
2023,258,25.65,20.41,1.66,91.87
2023,259,25.38,22.02,4.85,92.9
2023,260,27.19,22.14,5.88,90.6
2023,261,27.73,22.02,12.01,90.26
2023,262,27.38,21.98,10.48,90.55
2023,263,27.97,21.65,14.18,90.98
2023,264,27.67,22.5,23.02,92.81
2023,265,26.51,21.79,15.92,91.81
2023,266,26.56,21.63,29.98,93.13
2023,267,26.51,20.76,7.92,91.3
2023,268,27.42,19.74,7.28,90.72
2023,269,27.33,21.43,22.38,91.74
2023,270,27.31,22.16,20.12,91.38
2023,271,28.15,22.01,16.02,90.11
2023,272,27.95,21.72,14.33,90.28
2023,273,28.5,21.91,12.5,89.1
2023,274,26.5,21.21,25.36,92.79
2023,275,25.18,20.65,8.84,92.18
2023,276,27.59,20.47,0.12,88.5
2023,277,28.21,20.37,0.0,87.99
2023,278,27.65,19.19,0.0,85.94
2023,279,28.71,19.43,0.0,85.22
2023,280,29.77,19.99,0.0,83.74
2023,281,30.05,19.17,0.0,81.92
2023,282,29.81,18.97,0.0,81.79
2023,283,29.15,19.08,0.0,83.26
2023,284,29.13,19.32,0.0,84.11
2023,285,29.74,19.31,0.0,78.77
2023,286,29.82,19.18,0.0,75.38
2023,287,29.62,18.58,0.0,74.33
2023,288,29.07,19.39,0.05,79.28
2023,289,28.9,19.68,0.07,77.45
2023,290,29.09,19.54,0.93,79.11
2023,291,29.24,19.35,0.15,80.47
2023,292,29.09,19.49,0.12,76.22
2023,293,28.46,20.08,0.12,79.17
2023,294,28.29,20.39,0.02,81.07
2023,295,28.83,19.22,0.0,79.57
2023,296,28.81,17.8,0.0,76.3
2023,297,28.59,18.06,0.0,78.05
2023,298,28.47,17.32,0.0,74.26
2023,299,27.36,16.28,0.0,69.38
2023,300,27.27,14.66,0.0,66.73
2023,301,28.04,14.92,0.0,69.58
2023,302,28.74,14.59,0.0,69.04
2023,303,28.16,15.13,0.0,70.19
2023,304,27.78,14.8,0.0,72.45
2023,305,28.0,15.18,0.0,75.65
2023,306,28.17,15.47,0.0,74.68
2023,307,28.61,15.81,0.0,73.67
2023,308,29.16,16.1,0.0,71.42
2023,309,27.93,18.58,0.0,78.89
2023,310,27.5,18.08,0.0,76.0
2023,311,28.26,18.02,0.01,81.69
2023,312,26.8,19.87,3.55,86.06
2023,313,27.84,19.93,0.52,86.53
2023,314,25.88,20.78,13.34,89.82
2023,315,27.62,18.65,2.8,80.57
2023,316,28.76,17.61,0.0,72.84
2023,317,28.2,16.9,0.0,74.19
2023,318,27.49,16.19,0.0,75.72
2023,319,27.69,14.98,0.0,72.93
2023,320,27.46,14.36,0.0,70.86
2023,321,27.41,14.26,0.0,68.44
2023,322,28.43,14.39,0.0,71.94
2023,323,28.85,16.51,0.0,74.01
2023,324,28.58,17.75,0.0,74.84
2023,325,28.1,16.08,0.0,71.41
2023,326,27.48,14.52,0.0,69.44
2023,327,27.7,14.39,0.0,72.41
2023,328,28.42,17.43,0.0,77.27
2023,329,28.75,18.32,3.33,79.77
2023,330,27.14,19.83,6.34,85.69
2023,331,27.22,19.51,3.32,87.18
2023,332,26.88,18.72,0.27,86.2
2023,333,27.15,17.73,0.2,86.76
2023,334,27.78,17.29,1.38,85.93
2023,335,27.52,17.44,0.75,84.23
2023,336,28.37,16.47,0.29,78.37
2023,337,29.23,17.06,0.0,73.09
2023,338,28.66,17.89,0.0,77.09
2023,339,27.91,17.4,0.01,75.98
2023,340,26.04,16.71,0.01,79.05
2023,341,26.2,16.84,0.0,78.64
2023,342,27.39,15.41,0.0,76.04
2023,343,28.01,14.87,0.0,75.25
2023,344,27.76,15.21,0.0,75.86
2023,345,27.66,14.28,0.0,74.77
2023,346,27.45,13.93,0.0,74.54
2023,347,27.2,13.88,0.0,72.25
2023,348,26.56,14.64,0.0,70.31
2023,349,26.03,13.22,0.0,67.53
2023,350,26.01,11.53,0.0,70.29
2023,351,26.77,14.57,0.0,75.69
2023,352,25.42,15.61,0.0,71.2
2023,353,24.49,15.14,0.0,66.47
2023,354,24.6,13.78,0.0,58.88
2023,355,24.02,14.66,0.0,58.77
2023,356,28.59,14.52,0.0,55.08
2023,357,29.44,13.46,0.0,53.41
2023,358,28.34,14.01,0.0,59.99
2023,359,29.21,14.5,0.0,55.2
2023,360,29.09,13.54,0.0,58.01
2023,361,28.3,13.71,0.0,62.16
2023,362,28.57,13.64,0.0,61.0
2023,363,28.85,14.05,0.0,60.67
2023,364,28.8,14.37,0.0,61.43
2023,365,28.64,13.82,0.0,58.41
